,0,1,2,3,4,5,6,7,8,9,10,11,12,13,14,15,16,17,18,19,,
0,2000-08-11,,Bundesliga,Matchweek 1,Fri,Home,W,1,0,Hansa Rostock,,,,,Jörg Keßler,Match Report,,2000-2001,2000-2001,2000-2001,,
1,2000-08-18,,Bundesliga,Matchweek 2,Fri,Away,W,4,1,Energie Cottbus,,,,,Franz-Xaver Wack,Match Report,,2000-2001,2000-2001,2000-2001,,
2,2000-09-06,,Bundesliga,Matchweek 3,Wed,Home,L,2,3,1860 Munich,,,,,Alfons Berg,Match Report,,2000-2001,2000-2001,2000-2001,,
3,2000-09-09,,Bundesliga,Matchweek 4,Sat,Away,W,2,1,Werder Bremen,,,,,Lutz Michael Fröhlich,Match Report,,2000-2001,2000-2001,2000-2001,,
4,2000-09-16,,Bundesliga,Matchweek 5,Sat,Away,W,3,2,Hamburger SV,,,,,Bernd Heynemann,Match Report,,2000-2001,2000-2001,2000-2001,,
5,2000-09-23,,Bundesliga,Matchweek 6,Sat,Home,L,0,4,Schalke 04,,,,,Markus Merk,Match Report,,2000-2001,2000-2001,2000-2001,,
6,2000-09-29,,Bundesliga,Matchweek 7,Fri,Away,D,1,1,Eint Frankfurt,,,,,Hermann Albrecht,Match Report,,2000-2001,2000-2001,2000-2001,,
7,2000-10-13,,Bundesliga,Matchweek 8,Fri,Home,W,1,0,Freiburg,,,,,Herbert Fandel,Match Report,,2000-2001,2000-2001,2000-2001,,
8,2000-10-21,,Bundesliga,Matchweek 9,Sat,Away,L,0,2,Leverkusen,,,,,Helmut Fleischer,Match Report,,2000-2001,2000-2001,2000-2001,,
9,2000-10-28,,Bundesliga,Matchweek 10,Sat,Home,L,1,2,Kaiserslautern,,,,,Alfons Berg,Match Report,,2000-2001,2000-2001,2000-2001,,
10,2000-11-04,,Bundesliga,Matchweek 11,Sat,Away,L,2,6,Bayern Munich,,,,,Hartmut Strampe,Match Report,,2000-2001,2000-2001,2000-2001,,
11,2000-11-10,,Bundesliga,Matchweek 12,Fri,Home,W,2,0,Hertha BSC,,,,,Florian Meyer,Match Report,,2000-2001,2000-2001,2000-2001,,
12,2000-11-19,,Bundesliga,Matchweek 13,Sun,Away,D,1,1,Bochum,,,,,Jürgen Aust,Match Report,,2000-2001,2000-2001,2000-2001,,
13,2000-11-25,,Bundesliga,Matchweek 14,Sat,Home,W,2,1,Wolfsburg,,,,,Markus Merk,Match Report,,2000-2001,2000-2001,2000-2001,,
14,2000-12-02,,Bundesliga,Matchweek 15,Sat,Away,W,2,0,Stuttgart,,,,,Edgar Steinborn,Match Report,,2000-2001,2000-2001,2000-2001,,
15,2000-12-09,,Bundesliga,Matchweek 16,Sat,Home,W,3,0,Unterhaching,,,,,Michael Weiner,Match Report,,2000-2001,2000-2001,2000-2001,,
16,2000-12-13,,Bundesliga,Matchweek 17,Wed,Away,D,0,0,Köln,,,,,Helmut Fleischer,Match Report,,2000-2001,2000-2001,2000-2001,,
17,2000-12-16,,Bundesliga,Matchweek 18,Sat,Away,W,2,1,Hansa Rostock,,,,,Bernd Heynemann,Match Report,,2000-2001,2000-2001,2000-2001,,
18,2001-01-27,,Bundesliga,Matchweek 19,Sat,Home,W,2,0,Energie Cottbus,,,,,Lutz Michael Fröhlich,Match Report,,2000-2001,2000-2001,2000-2001,,
19,2001-02-02,,Bundesliga,Matchweek 20,Fri,Away,L,0,1,1860 Munich,,,,,Jürgen Aust,Match Report,,2000-2001,2000-2001,2000-2001,,
20,2001-02-11,,Bundesliga,Matchweek 21,Sun,Home,D,0,0,Werder Bremen,,,,,Herbert Fandel,Match Report,,2000-2001,2000-2001,2000-2001,,
21,2001-02-17,,Bundesliga,Matchweek 22,Sat,Home,W,4,2,Hamburger SV,,,,,Franz-Xaver Wack,Match Report,,2000-2001,2000-2001,2000-2001,,
22,2001-02-24,,Bundesliga,Matchweek 23,Sat,Away,D,0,0,Schalke 04,,,,,Markus Merk,Match Report,,2000-2001,2000-2001,2000-2001,,
23,2001-03-02,,Bundesliga,Matchweek 24,Fri,Home,W,6,1,Eint Frankfurt,,,,,Uwe Kemmling,Match Report,,2000-2001,2000-2001,2000-2001,,
24,2001-03-10,,Bundesliga,Matchweek 25,Sat,Away,D,2,2,Freiburg,,,,,Alfons Berg,Match Report,,2000-2001,2000-2001,2000-2001,,
25,2001-03-17,,Bundesliga,Matchweek 26,Sat,Home,L,1,3,Leverkusen,,,,,Bernd Heynemann,Match Report,,2000-2001,2000-2001,2000-2001,,
26,2001-04-01,,Bundesliga,Matchweek 27,Sun,Away,W,4,1,Kaiserslautern,,,,,Lutz Michael Fröhlich,Match Report,,2000-2001,2000-2001,2000-2001,,
27,2001-04-07,,Bundesliga,Matchweek 28,Sat,Home,D,1,1,Bayern Munich,,,,,Hartmut Strampe,Match Report,,2000-2001,2000-2001,2000-2001,,
28,2001-04-14,,Bundesliga,Matchweek 29,Sat,Away,L,0,1,Hertha BSC,,,,,Hermann Albrecht,Match Report,,2000-2001,2000-2001,2000-2001,,
29,2001-04-20,,Bundesliga,Matchweek 30,Fri,Home,W,5,0,Bochum,,,,,Helmut Fleischer,Match Report,,2000-2001,2000-2001,2000-2001,,
30,2001-04-27,,Bundesliga,Matchweek 31,Fri,Away,D,1,1,Wolfsburg,,,,,Herbert Fandel,Match Report,,2000-2001,2000-2001,2000-2001,,
31,2001-05-04,,Bundesliga,Matchweek 32,Fri,Home,D,0,0,Stuttgart,,,,,Alfons Berg,Match Report,,2000-2001,2000-2001,2000-2001,,
32,2001-05-12,,Bundesliga,Matchweek 33,Sat,Away,W,4,1,Unterhaching,,,,,Edgar Steinborn,Match Report,,2000-2001,2000-2001,2000-2001,,
33,2001-05-19,,Bundesliga,Matchweek 34,Sat,Home,D,3,3,Köln,,,,,Peter Gagelmann,Match Report,,2000-2001,2000-2001,2000-2001,,
34,2001-07-28,,Bundesliga,Matchweek 1,Sat,Home,W,2,0,Nürnberg,,,,,Michael Weiner,Match Report,,2001-2002,2001-2002,2001-2002,,
35,2001-08-04,,Bundesliga,Matchweek 2,Sat,Away,W,2,0,Hertha BSC,,,,,Helmut Fleischer,Match Report,,2001-2002,2001-2002,2001-2002,,
36,2001-08-07,,Champions Lg,Third qualifying round,Tue,Away,W,2,0,ua Shakhtar Donetsk,,,,,Knud Erik Fisker,Match Report,Leg 1 of 2,2001-2002,2001-2002,2001-2002,,
37,2001-08-11,,Bundesliga,Matchweek 3,Sat,Home,W,4,0,Wolfsburg,,,,,Franz-Xaver Wack,Match Report,,2001-2002,2001-2002,2001-2002,,
38,2001-08-18,,Bundesliga,Matchweek 4,Sat,Away,W,2,0,Hansa Rostock,,,,,Hermann Albrecht,Match Report,,2001-2002,2001-2002,2001-2002,,
39,2001-08-22,,Champions Lg,Third qualifying round,Wed,Home,W,3,1,ua Shakhtar Donetsk,,,,,Karl-Erik Nilsson,Match Report,Leg 2 of 2, Dortmund won,2001-2002,2001-2002,2001-2002,
40,2001-09-08,,Bundesliga,Matchweek 5,Sat,Home,L,0,2,Bayern Munich,,,,,Lutz Michael Fröhlich,Match Report,,2001-2002,2001-2002,2001-2002,,
41,2001-09-11,,Champions Lg,First group stage,Tue,Away,D,2,2,ua Dynamo Kyiv,,,,,Ľuboš Michel,Match Report,,2001-2002,2001-2002,2001-2002,,
42,2001-09-15,,Bundesliga,Matchweek 6,Sat,Away,L,0,1,Schalke 04,,,,,Herbert Fandel,Match Report,,2001-2002,2001-2002,2001-2002,,
43,2001-09-19,,Champions Lg,First group stage,Wed,Home,D,0,0,eng Liverpool,,,,,Valentin Ivanov,Match Report,,2001-2002,2001-2002,2001-2002,,
44,2001-09-22,,Bundesliga,Matchweek 7,Sat,Home,D,1,1,Leverkusen,,,,,Jürgen Jansen,Match Report,,2001-2002,2001-2002,2001-2002,,
45,2001-09-26,,Champions Lg,First group stage,Wed,Away,L,1,2,pt Boavista,,,,,Rune Pedersen,Match Report,,2001-2002,2001-2002,2001-2002,,
46,2001-09-29,,Bundesliga,Matchweek 8,Sat,Away,W,2,1,St. Pauli,,,,,Peter Sippel,Match Report,,2001-2002,2001-2002,2001-2002,,
47,2001-10-13,,Bundesliga,Matchweek 9,Sat,Away,W,2,1,Gladbach,,,,,Jürgen Aust,Match Report,,2001-2002,2001-2002,2001-2002,,
48,2001-10-16,,Champions Lg,First group stage,Tue,Home,W,2,1,pt Boavista,,,,,Stefano Braschi,Match Report,,2001-2002,2001-2002,2001-2002,,
49,2001-10-21,,Bundesliga,Matchweek 10,Sun,Home,L,0,2,Freiburg,,,,,Alfons Berg,Match Report,,2001-2002,2001-2002,2001-2002,,
50,2001-10-24,,Champions Lg,First group stage,Wed,Home,W,1,0,ua Dynamo Kyiv,,,,,Kyros Vassaras,Match Report,,2001-2002,2001-2002,2001-2002,,
51,2001-10-27,,Bundesliga,Matchweek 11,Sat,Away,W,2,0,Energie Cottbus,,,,,Uwe Kemmling,Match Report,,2001-2002,2001-2002,2001-2002,,
52,2001-10-30,,Champions Lg,First group stage,Tue,Away,L,0,2,eng Liverpool,,,,,Kim Milton Nielsen,Match Report,,2001-2002,2001-2002,2001-2002,,
53,2001-11-03,,Bundesliga,Matchweek 12,Sat,Home,W,1,0,Stuttgart,,,,,Wolfgang Stark,Match Report,,2001-2002,2001-2002,2001-2002,,
54,2001-11-17,,Bundesliga,Matchweek 13,Sat,Away,W,3,1,1860 Munich,,,,,Torsten Koop,Match Report,,2001-2002,2001-2002,2001-2002,,
55,2001-11-22,,UEFA Cup,Third round,Thu,Away,W,1,0,dk FC Copenhagen,,,,,Mike Riley,Match Report,Leg 1 of 2,2001-2002,2001-2002,2001-2002,,
56,2001-11-25,,Bundesliga,Matchweek 14,Sun,Home,W,3,0,Kaiserslautern,,,,,Lutz Wagner,Match Report,,2001-2002,2001-2002,2001-2002,,
57,2001-12-01,,Bundesliga,Matchweek 15,Sat,Away,W,2,0,Köln,,,,,Herbert Fandel,Match Report,,2001-2002,2001-2002,2001-2002,,
58,2001-12-04,,UEFA Cup,Third round,Tue,Home,W,1,0,dk FC Copenhagen,,,,,Thomas Michael Mccurry,Match Report,Leg 2 of 2, Dortmund won,2001-2002,2001-2002,2001-2002,
59,2001-12-08,,Bundesliga,Matchweek 16,Sat,Home,W,1,0,Hamburger SV,,,,,Helmut Fleischer,Match Report,,2001-2002,2001-2002,2001-2002,,
60,2001-12-15,,Bundesliga,Matchweek 17,Sat,Away,D,1,1,Werder Bremen,,,,,Alfons Berg,Match Report,,2001-2002,2001-2002,2001-2002,,
61,2001-12-18,,Bundesliga,Matchweek 18,Tue,Away,D,2,2,Nürnberg,,,,,Florian Meyer,Match Report,,2001-2002,2001-2002,2001-2002,,
62,2002-01-27,,Bundesliga,Matchweek 19,Sun,Home,W,3,1,Hertha BSC,,,,,Jürgen Aust,Match Report,,2001-2002,2001-2002,2001-2002,,
63,2002-02-02,,Bundesliga,Matchweek 20,Sat,Away,D,1,1,Wolfsburg,,,,,Markus Merk,Match Report,,2001-2002,2001-2002,2001-2002,,
64,2002-02-06,,Bundesliga,Matchweek 21,Wed,Home,W,2,0,Hansa Rostock,,,,,Michael Weiner,Match Report,,2001-2002,2001-2002,2001-2002,,
65,2002-02-09,,Bundesliga,Matchweek 22,Sat,Away,D,1,1,Bayern Munich,,,,,Edgar Steinborn,Match Report,,2001-2002,2001-2002,2001-2002,,
66,2002-02-16,,Bundesliga,Matchweek 23,Sat,Home,D,1,1,Schalke 04,,,,,Franz-Xaver Wack,Match Report,,2001-2002,2001-2002,2001-2002,,
67,2002-02-21,,UEFA Cup,Fourth round,Thu,Away,D,1,1,fr Lille,,,,,Daudén Ibáñez,Match Report,Leg 1 of 2,2001-2002,2001-2002,2001-2002,,
68,2002-02-24,,Bundesliga,Matchweek 24,Sun,Away,L,0,4,Leverkusen,,,,,Helmut Fleischer,Match Report,,2001-2002,2001-2002,2001-2002,,
69,2002-02-28,,UEFA Cup,Fourth round,Thu,Home,D,0,0,fr Lille,,,,,Domenico Messina,Match Report,Leg 2 of 2, Dortmund won,2001-2002,2001-2002,2001-2002,
70,2002-03-03,,Bundesliga,Matchweek 25,Sun,Home,D,1,1,St. Pauli,,,,,Lutz Michael Fröhlich,Match Report,,2001-2002,2001-2002,2001-2002,,
71,2002-03-09,,Bundesliga,Matchweek 26,Sat,Home,W,3,1,Gladbach,,,,,Peter Gagelmann,Match Report,,2001-2002,2001-2002,2001-2002,,
72,2002-03-14,,UEFA Cup,Quarter-finals,Thu,Away,D,0,0,cz Slovan Liberec,,,,,Vítor Melo Pereira,Match Report,Leg 1 of 2,2001-2002,2001-2002,2001-2002,,
73,2002-03-17,,Bundesliga,Matchweek 27,Sun,Away,W,5,1,Freiburg,,,,,Herbert Fandel,Match Report,,2001-2002,2001-2002,2001-2002,,
74,2002-03-21,,UEFA Cup,Quarter-finals,Thu,Home,W,4,0,cz Slovan Liberec,,,,,Stefano Braschi,Match Report,Leg 2 of 2, Dortmund won,2001-2002,2001-2002,2001-2002,
75,2002-03-24,,Bundesliga,Matchweek 28,Sun,Home,W,3,0,Energie Cottbus,,,,,Lutz Wagner,Match Report,,2001-2002,2001-2002,2001-2002,,
76,2002-03-30,,Bundesliga,Matchweek 29,Sat,Away,L,2,3,Stuttgart,,,,,Markus Merk,Match Report,,2001-2002,2001-2002,2001-2002,,
77,2002-04-04,,UEFA Cup,Semi-finals,Thu,Home,W,4,0,it Milan,,,,,Graham Poll,Match Report,Leg 1 of 2,2001-2002,2001-2002,2001-2002,,
78,2002-04-07,,Bundesliga,Matchweek 30,Sun,Home,W,2,1,1860 Munich,,,,,Michael Weiner,Match Report,,2001-2002,2001-2002,2001-2002,,
79,2002-04-11,,UEFA Cup,Semi-finals,Thu,Away,L,1,3,it Milan,,,,,Gilles Veissière,Match Report,Leg 2 of 2, Dortmund won,2001-2002,2001-2002,2001-2002,
80,2002-04-14,,Bundesliga,Matchweek 31,Sun,Away,L,0,1,Kaiserslautern,,,,,Hermann Albrecht,Match Report,,2001-2002,2001-2002,2001-2002,,
81,2002-04-20,,Bundesliga,Matchweek 32,Sat,Home,W,2,1,Köln,,,,,Helmut Fleischer,Match Report,,2001-2002,2001-2002,2001-2002,,
82,2002-04-27,,Bundesliga,Matchweek 33,Sat,Away,W,4,3,Hamburger SV,,,,,Herbert Fandel,Match Report,,2001-2002,2001-2002,2001-2002,,
83,2002-05-04,,Bundesliga,Matchweek 34,Sat,Home,W,2,1,Werder Bremen,,,,,Edgar Steinborn,Match Report,,2001-2002,2001-2002,2001-2002,,
84,2002-05-08,,UEFA Cup,Final,Wed,Neutral,L,2,3,nl Feyenoord,,,,,Vítor Melo Pereira,Match Report,,2001-2002,2001-2002,2001-2002,,
85,2002-08-09,,Bundesliga,Matchweek 1,Fri,Home,D,2,2,Hertha BSC,,,,,Markus Merk,Match Report,,2002-2003,2002-2003,2002-2003,,
86,2002-08-17,,Bundesliga,Matchweek 2,Sat,Away,D,1,1,Leverkusen,,,,,Franz-Xaver Wack,Match Report,,2002-2003,2002-2003,2002-2003,,
87,2002-08-24,,Bundesliga,Matchweek 3,Sat,Home,W,3,1,Stuttgart,,,,,Michael Weiner,Match Report,,2002-2003,2002-2003,2002-2003,,
88,2002-09-10,,Bundesliga,Matchweek 4,Tue,Away,D,0,0,Bochum,,,,,Edgar Steinborn,Match Report,,2002-2003,2002-2003,2002-2003,,
89,2002-09-14,,Bundesliga,Matchweek 5,Sat,Home,D,1,1,Schalke 04,,,,,Lutz Michael Fröhlich,Match Report,,2002-2003,2002-2003,2002-2003,,
90,2002-09-17,,Champions Lg,First group stage,Tue,Away,L,0,2,eng Arsenal,,,,,Anders Frisk,Match Report,,2002-2003,2002-2003,2002-2003,,
91,2002-09-21,,Bundesliga,Matchweek 6,Sat,Away,W,1,0,Hansa Rostock,,,,,Peter Sippel,Match Report,,2002-2003,2002-2003,2002-2003,,
92,2002-09-25,,Champions Lg,First group stage,Wed,Home,W,2,1,fr Auxerre,,,,,Terje Hauge,Match Report,,2002-2003,2002-2003,2002-2003,,
93,2002-09-28,,Bundesliga,Matchweek 7,Sat,Home,W,1,0,Gladbach,,,,,Jörg Keßler,Match Report,,2002-2003,2002-2003,2002-2003,,
94,2002-10-02,,Champions Lg,First group stage,Wed,Away,W,3,1,nl PSV Eindhoven,,,,,Pierluigi Collina,Match Report,,2002-2003,2002-2003,2002-2003,,
95,2002-10-05,,Bundesliga,Matchweek 8,Sat,Away,W,3,0,Hannover 96,,,,,Hermann Albrecht,Match Report,,2002-2003,2002-2003,2002-2003,,
96,2002-10-19,,Bundesliga,Matchweek 9,Sat,Home,D,0,0,Arminia,,,,,Wolfgang Stark,Match Report,,2002-2003,2002-2003,2002-2003,,
97,2002-10-22,,Champions Lg,First group stage,Tue,Home,D,1,1,nl PSV Eindhoven,,,,,Lucílio Batista,Match Report,,2002-2003,2002-2003,2002-2003,,
98,2002-10-26,,Bundesliga,Matchweek 10,Sat,Away,W,4,1,Werder Bremen,,,,,Markus Merk,Match Report,,2002-2003,2002-2003,2002-2003,,
99,2002-10-30,,Champions Lg,First group stage,Wed,Home,W,2,1,eng Arsenal,,,,,Mejuto González,Match Report,,2002-2003,2002-2003,2002-2003,,
100,2002-11-02,,Bundesliga,Matchweek 11,Sat,Home,D,1,1,Hamburger SV,,,,,Franz-Xaver Wack,Match Report,,2002-2003,2002-2003,2002-2003,,
101,2002-11-09,,Bundesliga,Matchweek 12,Sat,Away,L,1,2,Bayern Munich,,,,,Michael Weiner,Match Report,,2002-2003,2002-2003,2002-2003,,
102,2002-11-12,,Champions Lg,First group stage,Tue,Away,L,0,1,fr Auxerre,,,,,Sorin Corpodean,Match Report,,2002-2003,2002-2003,2002-2003,,
103,2002-11-16,,Bundesliga,Matchweek 13,Sat,Home,W,1,0,1860 Munich,,,,,Herbert Fandel,Match Report,,2002-2003,2002-2003,2002-2003,,
104,2002-11-23,,Bundesliga,Matchweek 14,Sat,Away,L,0,2,Wolfsburg,,,,,Edgar Steinborn,Match Report,,2002-2003,2002-2003,2002-2003,,
105,2002-11-26,,Champions Lg,Second group stage,Tue,Away,W,2,1,ru Loko Moscow,,,,,René Temmink,Match Report,,2002-2003,2002-2003,2002-2003,,
106,2002-11-30,,Bundesliga,Matchweek 15,Sat,Away,W,2,1,Nürnberg,,,,,Markus Merk,Match Report,,2002-2003,2002-2003,2002-2003,,
107,2002-12-07,,Bundesliga,Matchweek 16,Sat,Home,W,3,1,Kaiserslautern,,,,,Hartmut Strampe,Match Report,,2002-2003,2002-2003,2002-2003,,
108,2002-12-11,,Champions Lg,Second group stage,Wed,Home,L,0,1,it Milan,,,,,Anders Frisk,Match Report,,2002-2003,2002-2003,2002-2003,,
109,2002-12-14,,Bundesliga,Matchweek 17,Sat,Away,W,4,0,Energie Cottbus,,,,,Uwe Kemmling,Match Report,,2002-2003,2002-2003,2002-2003,,
110,2003-01-25,,Bundesliga,Matchweek 18,Sat,Away,L,1,2,Hertha BSC,,,,,Herbert Fandel,Match Report,,2002-2003,2002-2003,2002-2003,,
111,2003-02-02,,Bundesliga,Matchweek 19,Sun,Home,W,2,0,Leverkusen,,,,,Lutz Michael Fröhlich,Match Report,,2002-2003,2002-2003,2002-2003,,
112,2003-02-09,,Bundesliga,Matchweek 20,Sun,Away,L,0,1,Stuttgart,,,,,Helmut Fleischer,Match Report,,2002-2003,2002-2003,2002-2003,,
113,2003-02-15,,Bundesliga,Matchweek 21,Sat,Home,W,4,1,Bochum,,,,,Jürgen Aust,Match Report,,2002-2003,2002-2003,2002-2003,,
114,2003-02-19,,Champions Lg,Second group stage,Wed,Away,L,1,2,es Real Madrid,,,,,Ľuboš Michel,Match Report,,2002-2003,2002-2003,2002-2003,,
115,2003-02-22,,Bundesliga,Matchweek 22,Sat,Away,D,2,2,Schalke 04,,,,,Herbert Fandel,Match Report,,2002-2003,2002-2003,2002-2003,,
116,2003-02-25,,Champions Lg,Second group stage,Tue,Home,D,1,1,es Real Madrid,,,,,Graham Poll,Match Report,,2002-2003,2002-2003,2002-2003,,
117,2003-03-01,,Bundesliga,Matchweek 23,Sat,Home,W,2,0,Hansa Rostock,,,,,Florian Meyer,Match Report,,2002-2003,2002-2003,2002-2003,,
118,2003-03-08,,Bundesliga,Matchweek 24,Sat,Away,L,0,1,Gladbach,,,,,Wolfgang Stark,Match Report,,2002-2003,2002-2003,2002-2003,,
119,2003-03-12,,Champions Lg,Second group stage,Wed,Home,W,3,0,ru Loko Moscow,,,,,Frank de Bleeckere,Match Report,,2002-2003,2002-2003,2002-2003,,
120,2003-03-15,,Bundesliga,Matchweek 25,Sat,Home,W,2,0,Hannover 96,,,,,Lutz Michael Fröhlich,Match Report,,2002-2003,2002-2003,2002-2003,,
121,2003-03-18,,Champions Lg,Second group stage,Tue,Away,W,1,0,it Milan,,,,,Graham Barber,Match Report,,2002-2003,2002-2003,2002-2003,,
122,2003-03-22,,Bundesliga,Matchweek 26,Sat,Away,D,0,0,Arminia,,,,,Uwe Kemmling,Match Report,,2002-2003,2002-2003,2002-2003,,
123,2003-04-05,,Bundesliga,Matchweek 27,Sat,Home,L,1,2,Werder Bremen,,,,,Lutz Wagner,Match Report,,2002-2003,2002-2003,2002-2003,,
124,2003-04-12,,Bundesliga,Matchweek 28,Sat,Away,D,1,1,Hamburger SV,,,,,Helmut Fleischer,Match Report,,2002-2003,2002-2003,2002-2003,,
125,2003-04-19,,Bundesliga,Matchweek 29,Sat,Home,W,1,0,Bayern Munich,,,,,Markus Merk,Match Report,,2002-2003,2002-2003,2002-2003,,
126,2003-04-26,,Bundesliga,Matchweek 30,Sat,Away,D,0,0,1860 Munich,,,,,Hartmut Strampe,Match Report,,2002-2003,2002-2003,2002-2003,,
127,2003-05-03,,Bundesliga,Matchweek 31,Sat,Home,D,2,2,Wolfsburg,,,,,Torsten Koop,Match Report,,2002-2003,2002-2003,2002-2003,,
128,2003-05-10,,Bundesliga,Matchweek 32,Sat,Home,W,4,1,Nürnberg,,,,,Florian Meyer,Match Report,,2002-2003,2002-2003,2002-2003,,
129,2003-05-17,,Bundesliga,Matchweek 33,Sat,Away,D,0,0,Kaiserslautern,,,,,Franz-Xaver Wack,Match Report,,2002-2003,2002-2003,2002-2003,,
130,2003-05-24,,Bundesliga,Matchweek 34,Sat,Home,D,1,1,Energie Cottbus,,,,,Peter Sippel,Match Report,,2002-2003,2002-2003,2002-2003,,
131,2003-08-02,,Bundesliga,Matchweek 1,Sat,Away,D,2,2,Schalke 04,,,,,Lutz Michael Fröhlich,Match Report,,2003-2004,2003-2004,2003-2004,,
132,2003-08-09,,Bundesliga,Matchweek 2,Sat,Home,W,4,0,Wolfsburg,,,,,Edgar Steinborn,Match Report,,2003-2004,2003-2004,2003-2004,,
133,2003-08-13,,Champions Lg,Third qualifying round,Wed,Away,L,1,2,be Club Brugge,,,,,Pierluigi Collina,Match Report,Leg 1 of 2,2003-2004,2003-2004,2003-2004,,
134,2003-08-16,,Bundesliga,Matchweek 3,Sat,Home,W,3,1,1860 Munich,,,,,Markus Merk,Match Report,,2003-2004,2003-2004,2003-2004,,
135,2003-08-23,,Bundesliga,Matchweek 4,Sat,Away,L,0,1,Köln,,,,,Knut Kircher,Match Report,,2003-2004,2003-2004,2003-2004,,
136,2003-08-27,,Champions Lg,Third qualifying round,Wed,Home,W,2,1,be Club Brugge,,,,,Mike Riley,Match Report,Leg 2 of 2, Club Brugge won, Club Brugge won on penalty kicks following extra time,2003-2004,2003-2004,2003-2004
137,2003-09-13,,Bundesliga,Matchweek 5,Sat,Home,W,2,1,Werder Bremen,,,,,Lutz Wagner,Match Report,,2003-2004,2003-2004,2003-2004,,
138,2003-09-20,,Bundesliga,Matchweek 6,Sat,Away,L,0,1,Stuttgart,,,,,Markus Merk,Match Report,,2003-2004,2003-2004,2003-2004,,
139,2003-09-24,,UEFA Cup,First round,Wed,Away,W,2,1,at Austria Wien,,,,,Stuart Dougal,Match Report,Leg 1 of 2,2003-2004,2003-2004,2003-2004,,
140,2003-09-27,,Bundesliga,Matchweek 7,Sat,Home,W,1,0,Freiburg,,,,,Wolfgang Stark,Match Report,,2003-2004,2003-2004,2003-2004,,
141,2003-10-04,,Bundesliga,Matchweek 8,Sat,Away,W,1,0,Eint Frankfurt,,,,,Edgar Steinborn,Match Report,,2003-2004,2003-2004,2003-2004,,
142,2003-10-15,,UEFA Cup,First round,Wed,Home,W,1,0,at Austria Wien,,,,,Antonio Manuel Almeida Costa,Match Report,Leg 2 of 2, Dortmund won,2003-2004,2003-2004,2003-2004,
143,2003-10-18,,Bundesliga,Matchweek 9,Sat,Home,W,6,2,Hannover 96,,,,,Herbert Fandel,Match Report,,2003-2004,2003-2004,2003-2004,,
144,2003-10-26,,Bundesliga,Matchweek 10,Sun,Away,L,0,3,Bochum,,,,,Lutz Michael Fröhlich,Match Report,,2003-2004,2003-2004,2003-2004,,
145,2003-11-02,,Bundesliga,Matchweek 11,Sun,Home,W,3,2,Hamburger SV,,,,,Uwe Kemmling,Match Report,,2003-2004,2003-2004,2003-2004,,
146,2003-11-06,,UEFA Cup,Second round,Thu,Home,D,2,2,fr Sochaux,,,,,Vladimir Hrinak,Match Report,Leg 1 of 2,2003-2004,2003-2004,2003-2004,,
147,2003-11-09,,Bundesliga,Matchweek 12,Sun,Away,L,1,4,Bayern Munich,,,,,Markus Merk,Match Report,,2003-2004,2003-2004,2003-2004,,
148,2003-11-22,,Bundesliga,Matchweek 13,Sat,Home,D,2,2,Leverkusen,,,,,Franz-Xaver Wack,Match Report,,2003-2004,2003-2004,2003-2004,,
149,2003-11-27,,UEFA Cup,Second round,Thu,Away,L,0,4,fr Sochaux,,,,,Iouri Baskakov,Match Report,Leg 2 of 2, Sochaux won,2003-2004,2003-2004,2003-2004,
150,2003-11-30,,Bundesliga,Matchweek 14,Sun,Away,L,1,2,Hansa Rostock,,,,,Peter Sippel,Match Report,,2003-2004,2003-2004,2003-2004,,
151,2003-12-06,,Bundesliga,Matchweek 15,Sat,Home,D,1,1,Hertha BSC,,,,,Florian Meyer,Match Report,,2003-2004,2003-2004,2003-2004,,
152,2003-12-14,,Bundesliga,Matchweek 16,Sun,Away,L,1,2,Gladbach,,,,,Edgar Steinborn,Match Report,,2003-2004,2003-2004,2003-2004,,
153,2003-12-17,,Bundesliga,Matchweek 17,Wed,Home,D,1,1,Kaiserslautern,,,,,Wolfgang Stark,Match Report,,2003-2004,2003-2004,2003-2004,,
154,2004-01-30,,Bundesliga,Matchweek 18,Fri,Home,L,0,1,Schalke 04,,,,,Herbert Fandel,Match Report,,2003-2004,2003-2004,2003-2004,,
155,2004-02-07,,Bundesliga,Matchweek 19,Sat,Away,W,4,2,Wolfsburg,,,,,Franz-Xaver Wack,Match Report,,2003-2004,2003-2004,2003-2004,,
156,2004-02-15,,Bundesliga,Matchweek 20,Sun,Away,W,2,0,1860 Munich,,,,,Florian Meyer,Match Report,,2003-2004,2003-2004,2003-2004,,
157,2004-02-22,,Bundesliga,Matchweek 21,Sun,Home,W,1,0,Köln,,,,,Torsten Koop,Match Report,,2003-2004,2003-2004,2003-2004,,
158,2004-02-28,,Bundesliga,Matchweek 22,Sat,Away,L,0,2,Werder Bremen,,,,,Lutz Wagner,Match Report,,2003-2004,2003-2004,2003-2004,,
159,2004-03-06,,Bundesliga,Matchweek 23,Sat,Home,L,0,2,Stuttgart,,,,,Markus Merk,Match Report,,2003-2004,2003-2004,2003-2004,,
160,2004-03-13,,Bundesliga,Matchweek 24,Sat,Away,D,2,2,Freiburg,,,,,Franz-Xaver Wack,Match Report,,2003-2004,2003-2004,2003-2004,,
161,2004-03-20,,Bundesliga,Matchweek 25,Sat,Home,W,2,0,Eint Frankfurt,,,,,Hermann Albrecht,Match Report,,2003-2004,2003-2004,2003-2004,,
162,2004-03-27,,Bundesliga,Matchweek 26,Sat,Away,D,1,1,Hannover 96,,,,,Wolfgang Stark,Match Report,,2003-2004,2003-2004,2003-2004,,
163,2004-04-04,,Bundesliga,Matchweek 27,Sun,Home,W,4,1,Bochum,,,,,Herbert Fandel,Match Report,,2003-2004,2003-2004,2003-2004,,
164,2004-04-10,,Bundesliga,Matchweek 28,Sat,Away,W,2,0,Hamburger SV,,,,,Knut Kircher,Match Report,,2003-2004,2003-2004,2003-2004,,
165,2004-04-17,,Bundesliga,Matchweek 29,Sat,Home,W,2,0,Bayern Munich,,,,,Markus Merk,Match Report,,2003-2004,2003-2004,2003-2004,,
166,2004-04-24,,Bundesliga,Matchweek 30,Sat,Away,L,0,3,Leverkusen,,,,,Florian Meyer,Match Report,,2003-2004,2003-2004,2003-2004,,
167,2004-05-01,,Bundesliga,Matchweek 31,Sat,Home,W,4,1,Hansa Rostock,,,,,Jörg Keßler,Match Report,,2003-2004,2003-2004,2003-2004,,
168,2004-05-08,,Bundesliga,Matchweek 32,Sat,Away,L,2,6,Hertha BSC,,,,,Herbert Fandel,Match Report,,2003-2004,2003-2004,2003-2004,,
169,2004-05-15,,Bundesliga,Matchweek 33,Sat,Home,W,3,1,Gladbach,,,,,Hermann Albrecht,Match Report,,2003-2004,2003-2004,2003-2004,,
170,2004-05-22,,Bundesliga,Matchweek 34,Sat,Away,D,1,1,Kaiserslautern,,,,,Lutz Michael Fröhlich,Match Report,,2003-2004,2003-2004,2003-2004,,
171,2004-08-07,,Bundesliga,Matchweek 1,Sat,Home,L,1,2,Wolfsburg,,,,,Wolfgang Stark,Match Report,,2004-2005,2004-2005,2004-2005,,
172,2004-08-14,,Bundesliga,Matchweek 2,Sat,Away,W,3,2,Gladbach,,,,,Lutz Wagner,Match Report,,2004-2005,2004-2005,2004-2005,,
173,2004-08-29,,Bundesliga,Matchweek 3,Sun,Home,D,1,1,Hannover 96,,,,,Jörg Keßler,Match Report,,2004-2005,2004-2005,2004-2005,,
174,2004-09-11,,Bundesliga,Matchweek 4,Sat,Away,D,2,2,Bochum,,,,,Herbert Fandel,Match Report,,2004-2005,2004-2005,2004-2005,,
175,2004-09-18,,Bundesliga,Matchweek 5,Sat,Home,D,2,2,Bayern Munich,,,,,Markus Merk,Match Report,,2004-2005,2004-2005,2004-2005,,
176,2004-09-26,,Bundesliga,Matchweek 6,Sun,Away,D,1,1,Mainz 05,,,,,Franz-Xaver Wack,Match Report,,2004-2005,2004-2005,2004-2005,,
177,2004-10-02,,Bundesliga,Matchweek 7,Sat,Home,D,2,2,Nürnberg,,,,,Lutz Michael Fröhlich,Match Report,,2004-2005,2004-2005,2004-2005,,
178,2004-10-16,,Bundesliga,Matchweek 8,Sat,Away,L,0,2,Stuttgart,,,,,Florian Meyer,Match Report,,2004-2005,2004-2005,2004-2005,,
179,2004-10-23,,Bundesliga,Matchweek 9,Sat,Home,L,0,2,Hamburger SV,,,,,Knut Kircher,Match Report,,2004-2005,2004-2005,2004-2005,,
180,2004-10-26,,Bundesliga,Matchweek 10,Tue,Away,W,1,0,Hertha BSC,,,,,Peter Sippel,Match Report,,2004-2005,2004-2005,2004-2005,,
181,2004-10-30,,Bundesliga,Matchweek 11,Sat,Home,W,1,0,Leverkusen,,,,,Herbert Fandel,Match Report,,2004-2005,2004-2005,2004-2005,,
182,2004-11-06,,Bundesliga,Matchweek 12,Sat,Away,L,0,1,Arminia,,,,,Helmut Fleischer,Match Report,,2004-2005,2004-2005,2004-2005,,
183,2004-11-13,,Bundesliga,Matchweek 13,Sat,Away,L,0,1,Kaiserslautern,,,,,Lutz Wagner,Match Report,,2004-2005,2004-2005,2004-2005,,
184,2004-11-20,,Bundesliga,Matchweek 14,Sat,Home,W,2,0,Freiburg,,,,,Florian Meyer,Match Report,,2004-2005,2004-2005,2004-2005,,
185,2004-11-27,,Bundesliga,Matchweek 15,Sat,Away,L,0,2,Werder Bremen,,,,,Lutz Michael Fröhlich,Match Report,,2004-2005,2004-2005,2004-2005,,
186,2004-12-05,,Bundesliga,Matchweek 16,Sun,Home,L,0,1,Schalke 04,,,,,Franz-Xaver Wack,Match Report,,2004-2005,2004-2005,2004-2005,,
187,2004-12-11,,Bundesliga,Matchweek 17,Sat,Away,D,1,1,Hansa Rostock,,,,,Felix Brych,Match Report,,2004-2005,2004-2005,2004-2005,,
188,2005-01-22,,Bundesliga,Matchweek 18,Sat,Away,W,2,1,Wolfsburg,,,,,Peter Sippel,Match Report,,2004-2005,2004-2005,2004-2005,,
189,2005-01-29,,Bundesliga,Matchweek 19,Sat,Home,D,1,1,Gladbach,,,,,Wolfgang Stark,Match Report,,2004-2005,2004-2005,2004-2005,,
190,2005-02-05,,Bundesliga,Matchweek 20,Sat,Away,W,3,1,Hannover 96,,,,,Knut Kircher,Match Report,,2004-2005,2004-2005,2004-2005,,
191,2005-02-12,,Bundesliga,Matchweek 21,Sat,Home,W,1,0,Bochum,,,,,Hermann Albrecht,Match Report,,2004-2005,2004-2005,2004-2005,,
192,2005-02-19,,Bundesliga,Matchweek 22,Sat,Away,L,0,5,Bayern Munich,,,,,Markus Merk,Match Report,,2004-2005,2004-2005,2004-2005,,
193,2005-02-26,,Bundesliga,Matchweek 23,Sat,Home,W,3,0,Mainz 05,,,,,Felix Brych,Match Report,,2004-2005,2004-2005,2004-2005,,
194,2005-03-06,,Bundesliga,Matchweek 24,Sun,Away,D,2,2,Nürnberg,,,,,Manuel Gräfe,Match Report,,2004-2005,2004-2005,2004-2005,,
195,2005-03-13,,Bundesliga,Matchweek 25,Sun,Home,L,0,2,Stuttgart,,,,,Florian Meyer,Match Report,,2004-2005,2004-2005,2004-2005,,
196,2005-03-19,,Bundesliga,Matchweek 26,Sat,Away,W,3,2,Hamburger SV,,,,,Helmut Fleischer,Match Report,,2004-2005,2004-2005,2004-2005,,
197,2005-04-03,,Bundesliga,Matchweek 27,Sun,Home,W,2,1,Hertha BSC,,,,,Wolfgang Stark,Match Report,,2004-2005,2004-2005,2004-2005,,
198,2005-04-09,,Bundesliga,Matchweek 28,Sat,Away,W,1,0,Leverkusen,,,,,Markus Merk,Match Report,,2004-2005,2004-2005,2004-2005,,
199,2005-04-16,,Bundesliga,Matchweek 29,Sat,Home,D,1,1,Arminia,,,,,Felix Brych,Match Report,,2004-2005,2004-2005,2004-2005,,
200,2005-04-23,,Bundesliga,Matchweek 30,Sat,Home,W,4,2,Kaiserslautern,,,,,Manuel Gräfe,Match Report,,2004-2005,2004-2005,2004-2005,,
201,2005-04-30,,Bundesliga,Matchweek 31,Sat,Away,D,2,2,Freiburg,,,,,Markus Schmidt,Match Report,,2004-2005,2004-2005,2004-2005,,
202,2005-05-08,,Bundesliga,Matchweek 32,Sun,Home,W,1,0,Werder Bremen,,,,,Lutz Michael Fröhlich,Match Report,,2004-2005,2004-2005,2004-2005,,
203,2005-05-14,,Bundesliga,Matchweek 33,Sat,Away,W,2,1,Schalke 04,,,,,Franz-Xaver Wack,Match Report,,2004-2005,2004-2005,2004-2005,,
204,2005-05-21,,Bundesliga,Matchweek 34,Sat,Home,W,2,1,Hansa Rostock,,,,,Uwe Kemmling,Match Report,,2004-2005,2004-2005,2004-2005,,
