,0,1,2,3,4,5,6,7,8,9,10,11,12,13,14,15,16,17,18,19,20,21
0,2015-08-08,12:45 ,Premier League,Matchweek 1,Sat,Away,L,0,1,Manchester Utd,50,"75,261",Jan Vertonghen,4-2-3-1,Jonathan Moss,Match Report,,2015-2016,2015-2016,2015-2016,,
1,2015-08-15,15:00 ,Premier League,Matchweek 2,Sat,Home,D,2,2,Stoke City,53,"36,004",Hugo Lloris,4-2-3-1,Robert Madley,Match Report,,2015-2016,2015-2016,2015-2016,,
2,2015-08-22,15:00 ,Premier League,Matchweek 3,Sat,Away,D,1,1,Leicester City,65,"31,971",Hugo Lloris,4-2-3-1,Martin Atkinson,Match Report,,2015-2016,2015-2016,2015-2016,,
3,2015-08-29,17:30 ,Premier League,Matchweek 4,Sat,Home,D,0,0,Everton,50,"35,865",Hugo Lloris,4-2-3-1,Mike Jones,Match Report,,2015-2016,2015-2016,2015-2016,,
4,2015-09-13,13:30 ,Premier League,Matchweek 5,Sun,Away,W,1,0,Sunderland,56,"40,303",Hugo Lloris,4-2-3-1,Craig Pawson,Match Report,,2015-2016,2015-2016,2015-2016,,
5,2015-09-17,20:05 ,Europa Lg,Group stage,Thu,Home,W,3,1,az Qarabağ,53,"26,463",Hugo Lloris,4-2-3-1,Adrien Jaccottet,Match Report,,2015-2016,2015-2016,2015-2016,,
6,2015-09-20,13:30 ,Premier League,Matchweek 6,Sun,Home,W,1,0,Crystal Palace,57,"35,723",Hugo Lloris,4-2-3-1,Michael Oliver,Match Report,,2015-2016,2015-2016,2015-2016,,
7,2015-09-23,19:45 ,League Cup,Third round,Wed,Home,L,1,2,Arsenal,,"35,687",,,Andre Marriner,Match Report,,2015-2016,2015-2016,2015-2016,,
8,2015-09-26,12:45 ,Premier League,Matchweek 7,Sat,Home,W,4,1,Manchester City,46,"35,867",Hugo Lloris,4-2-3-1,Mark Clattenburg,Match Report,,2015-2016,2015-2016,2015-2016,,
9,2015-10-01,19:00 ,Europa Lg,Group stage,Thu,Away,D,1,1,fr Monaco,50,"7,216",Hugo Lloris,4-2-3-1,Artur Soares Dias,Match Report,,2015-2016,2015-2016,2015-2016,,
10,2015-10-04,16:00 ,Premier League,Matchweek 8,Sun,Away,D,2,2,Swansea City,54,"20,845",Hugo Lloris,4-2-3-1,Mike Dean,Match Report,,2015-2016,2015-2016,2015-2016,,
11,2015-10-17,12:45 ,Premier League,Matchweek 9,Sat,Home,D,0,0,Liverpool,49,"35,926",Hugo Lloris,4-2-3-1,Craig Pawson,Match Report,,2015-2016,2015-2016,2015-2016,,
12,2015-10-22,19:00 ,Europa Lg,Group stage,Thu,Away,L,1,2,be Anderlecht,64,"18,504",Hugo Lloris,4-2-3-1,Pol van Boekel,Match Report,,2015-2016,2015-2016,2015-2016,,
13,2015-10-25,14:05 ,Premier League,Matchweek 10,Sun,Away,W,5,1,Bournemouth,54,"11,332",Hugo Lloris,4-2-3-1,Roger East,Match Report,,2015-2016,2015-2016,2015-2016,,
14,2015-11-02,20:00 ,Premier League,Matchweek 11,Mon,Home,W,3,1,Aston Villa,61,"34,882",Hugo Lloris,4-2-3-1,Mike Dean,Match Report,,2015-2016,2015-2016,2015-2016,,
15,2015-11-05,20:05 ,Europa Lg,Group stage,Thu,Home,W,2,1,be Anderlecht,54,"33,479",Hugo Lloris,4-2-3-1,Orel Grinfeeld,Match Report,,2015-2016,2015-2016,2015-2016,,
16,2015-11-08,16:00 ,Premier League,Matchweek 12,Sun,Away,D,1,1,Arsenal,45,"60,060",Hugo Lloris,4-2-3-1,Martin Atkinson,Match Report,,2015-2016,2015-2016,2015-2016,,
17,2015-11-22,16:00 ,Premier League,Matchweek 13,Sun,Home,W,4,1,West Ham,56,"35,968",Hugo Lloris,4-2-3-1,Anthony Taylor,Match Report,,2015-2016,2015-2016,2015-2016,,
18,2015-11-26,22:00 ,Europa Lg,Group stage,Thu,Away,W,1,0,az Qarabağ,61,"28,000",Hugo Lloris,4-2-3-1,Tasos Sidiropoulos,Match Report,,2015-2016,2015-2016,2015-2016,,
19,2015-11-29,12:00 ,Premier League,Matchweek 14,Sun,Home,D,0,0,Chelsea,58,"35,639",Hugo Lloris,4-3-2-1,Michael Oliver,Match Report,,2015-2016,2015-2016,2015-2016,,
20,2015-12-05,15:00 ,Premier League,Matchweek 15,Sat,Away,D,1,1,West Brom,65,"23,602",Hugo Lloris,4-2-3-1,Jonathan Moss,Match Report,,2015-2016,2015-2016,2015-2016,,
21,2015-12-10,20:05 ,Europa Lg,Group stage,Thu,Home,W,4,1,fr Monaco,58,"34,122",Hugo Lloris,4-2-3-1,Ivan Bebek,Match Report,,2015-2016,2015-2016,2015-2016,,
22,2015-12-13,16:00 ,Premier League,Matchweek 16,Sun,Home,L,1,2,Newcastle Utd,58,"35,768",Hugo Lloris,4-2-3-1,Roger East,Match Report,,2015-2016,2015-2016,2015-2016,,
23,2015-12-19,15:00 ,Premier League,Matchweek 17,Sat,Away,W,2,0,Southampton,49,"31,636",Hugo Lloris,4-2-3-1,Kevin Friend,Match Report,,2015-2016,2015-2016,2015-2016,,
24,2015-12-26,15:00 ,Premier League,Matchweek 18,Sat,Home,W,3,0,Norwich City,60,"35,198",Hugo Lloris,4-2-3-1,Mike Jones,Match Report,,2015-2016,2015-2016,2015-2016,,
25,2015-12-28,15:00 ,Premier League,Matchweek 19,Mon,Away,W,2,1,Watford,63,"20,730",Hugo Lloris,3-4-3,Anthony Taylor,Match Report,,2015-2016,2015-2016,2015-2016,,
26,2016-01-03,16:00 ,Premier League,Matchweek 20,Sun,Away,D,1,1,Everton,59,"38,482",Hugo Lloris,4-2-3-1,Michael Oliver,Match Report,,2015-2016,2015-2016,2015-2016,,
27,2016-01-10,16:00 ,FA Cup,Third round,Sun,Home,D,2,2,Leicester City,,"35,805",,,Robert Madley,Match Report,,2015-2016,2015-2016,2015-2016,,
28,2016-01-13,20:00 ,Premier League,Matchweek 21,Wed,Home,L,0,1,Leicester City,62,"35,850",Hugo Lloris,4-2-3-1,Lee Mason,Match Report,,2015-2016,2015-2016,2015-2016,,
29,2016-01-16,12:45 ,Premier League,Matchweek 22,Sat,Home,W,4,1,Sunderland,67,"35,854",Hugo Lloris,4-2-3-1,Mike Dean,Match Report,,2015-2016,2015-2016,2015-2016,,
30,2016-01-20,19:45 ,FA Cup,Third round,Wed,Away,W,2,0,Leicester City,,"30,006",,,Anthony Taylor,Match Report,,2015-2016,2015-2016,2015-2016,,
31,2016-01-23,15:00 ,Premier League,Matchweek 23,Sat,Away,W,3,1,Crystal Palace,64,"28,467",Hugo Lloris,4-2-3-1,Martin Atkinson,Match Report,,2015-2016,2015-2016,2015-2016,,
32,2016-01-30,12:45 ,FA Cup,Fourth round,Sat,Away,W,4,1,Colchester Utd,,"9,920",,,Michael Oliver,Match Report,,2015-2016,2015-2016,2015-2016,,
33,2016-02-02,19:45 ,Premier League,Matchweek 24,Tue,Away,W,3,0,Norwich City,54,"27,067",Hugo Lloris,4-2-3-1,Kevin Friend,Match Report,,2015-2016,2015-2016,2015-2016,,
34,2016-02-06,15:00 ,Premier League,Matchweek 25,Sat,Home,W,1,0,Watford,66,"35,997",Hugo Lloris,4-2-3-1,Roger East,Match Report,,2015-2016,2015-2016,2015-2016,,
35,2016-02-14,16:15 ,Premier League,Matchweek 26,Sun,Away,W,2,1,Manchester City,54,"54,551",Hugo Lloris,4-2-3-1,Mark Clattenburg,Match Report,,2015-2016,2015-2016,2015-2016,,
36,2016-02-18,19:00 ,Europa Lg,Round of 32,Thu,Away,D,1,1,it Fiorentina,50,"15,200",Ryan Mason,4-2-3-1,Felix Zwayer,Match Report,Leg 1 of 2,2015-2016,2015-2016,2015-2016,,
37,2016-02-21,15:00 ,FA Cup,Fifth round,Sun,Home,L,0,1,Crystal Palace,,"35,547",,,Craig Pawson,Match Report,,2015-2016,2015-2016,2015-2016,,
38,2016-02-25,20:05 ,Europa Lg,Round of 32,Thu,Home,W,3,0,it Fiorentina,47,"34,880",Hugo Lloris,4-2-3-1,Ovidiu Hațegan,Match Report,Leg 2 of 2; Tottenham won,2015-2016,2015-2016,2015-2016,,
39,2016-02-28,14:05 ,Premier League,Matchweek 27,Sun,Home,W,2,1,Swansea City,57,"35,922",Hugo Lloris,4-2-3-1,Mike Jones,Match Report,,2015-2016,2015-2016,2015-2016,,
40,2016-03-02,19:45 ,Premier League,Matchweek 28,Wed,Away,L,0,1,West Ham,65,"34,977",Hugo Lloris,4-2-3-1,Andre Marriner,Match Report,,2015-2016,2015-2016,2015-2016,,
41,2016-03-05,12:45 ,Premier League,Matchweek 29,Sat,Home,D,2,2,Arsenal,52,"35,762",Hugo Lloris,4-2-3-1,Michael Oliver,Match Report,,2015-2016,2015-2016,2015-2016,,
42,2016-03-10,19:00 ,Europa Lg,Round of 16,Thu,Away,L,0,3,de Dortmund,34,"65,848",Hugo Lloris,4-2-3-1,Cüneyt Çakιr,Match Report,Leg 1 of 2,2015-2016,2015-2016,2015-2016,,
43,2016-03-13,16:00 ,Premier League,Matchweek 30,Sun,Away,W,2,0,Aston Villa,63,"32,393",Hugo Lloris,4-2-3-1,Anthony Taylor,Match Report,,2015-2016,2015-2016,2015-2016,,
44,2016-03-17,20:05 ,Europa Lg,Round of 16,Thu,Home,L,1,2,de Dortmund,59,"34,593",Hugo Lloris,4-2-3-1,Nicola Rizzoli,Match Report,Leg 2 of 2; Dortmund won,2015-2016,2015-2016,2015-2016,,
45,2016-03-20,16:00 ,Premier League,Matchweek 31,Sun,Home,W,3,0,Bournemouth,63,"36,084",Hugo Lloris,4-2-3-1,Niel Swarbrick,Match Report,,2015-2016,2015-2016,2015-2016,,
46,2016-04-02,17:30 ,Premier League,Matchweek 32,Sat,Away,D,1,1,Liverpool,58,"44,062",Hugo Lloris,4-2-3-1,Jonathan Moss,Match Report,,2015-2016,2015-2016,2015-2016,,
47,2016-04-10,16:00 ,Premier League,Matchweek 33,Sun,Home,W,3,0,Manchester Utd,47,"35,761",Hugo Lloris,4-2-3-1,Mike Dean,Match Report,,2015-2016,2015-2016,2015-2016,,
48,2016-04-18,20:00 ,Premier League,Matchweek 34,Mon,Away,W,4,0,Stoke City,49,"27,442",Hugo Lloris,4-2-3-1,Niel Swarbrick,Match Report,,2015-2016,2015-2016,2015-2016,,
49,2016-04-25,20:00 ,Premier League,Matchweek 35,Mon,Home,D,1,1,West Brom,67,"35,923",Hugo Lloris,4-2-3-1,Mike Jones,Match Report,,2015-2016,2015-2016,2015-2016,,
50,2016-05-02,20:00 ,Premier League,Matchweek 36,Mon,Away,D,2,2,Chelsea,53,"41,545",Hugo Lloris,4-2-3-1,Mark Clattenburg,Match Report,,2015-2016,2015-2016,2015-2016,,
51,2016-05-08,13:30 ,Premier League,Matchweek 37,Sun,Home,L,1,2,Southampton,70,"35,748",Hugo Lloris,4-2-3-1,Jonathan Moss,Match Report,,2015-2016,2015-2016,2015-2016,,
52,2016-05-15,15:00 ,Premier League,Matchweek 38,Sun,Away,L,1,5,Newcastle Utd,62,"52,183",Hugo Lloris,4-2-3-1,Anthony Taylor,Match Report,,2015-2016,2015-2016,2015-2016,,
53,2016-08-13,15:00 ,Premier League,Matchweek 1,Sat,Away,D,1,1,Everton,58,"39,494",Hugo Lloris,4-2-3-1,Martin Atkinson,Match Report,,2016-2017,2016-2017,2016-2017,,
54,2016-08-20,15:00 ,Premier League,Matchweek 2,Sat,Home,W,1,0,Crystal Palace,57,"31,447",Harry Kane,4-2-3-1,Michael Oliver,Match Report,,2016-2017,2016-2017,2016-2017,,
55,2016-08-27,12:30 ,Premier League,Matchweek 3,Sat,Home,D,1,1,Liverpool,49,"31,211",Harry Kane,4-2-3-1,Robert Madley,Match Report,,2016-2017,2016-2017,2016-2017,,
56,2016-09-10,15:00 ,Premier League,Matchweek 4,Sat,Away,W,4,0,Stoke City,60,"27,385",Hugo Lloris,4-2-3-1,Anthony Taylor,Match Report,,2016-2017,2016-2017,2016-2017,,
57,2016-09-14,19:45 ,Champions Lg,Group stage,Wed,Home,L,1,2,fr Monaco,64,"85,011",Hugo Lloris,4-2-3-1,Gianluca Rocchi,Match Report,,2016-2017,2016-2017,2016-2017,,
58,2016-09-18,16:30 ,Premier League,Matchweek 5,Sun,Home,W,1,0,Sunderland,74,"31,251",Hugo Lloris,4-2-3-1,Mike Dean,Match Report,,2016-2017,2016-2017,2016-2017,,
59,2016-09-21,20:00 ,EFL Cup,Third round,Wed,Home,W,5,0,Gillingham,68,"26,244",Christian Eriksen,4-2-3-1,David Coote,Match Report,,2016-2017,2016-2017,2016-2017,,
60,2016-09-24,15:00 ,Premier League,Matchweek 6,Sat,Away,W,2,1,Middlesbrough,58,"32,703",Hugo Lloris,4-3-3,Graham Scott,Match Report,,2016-2017,2016-2017,2016-2017,,
61,2016-09-27,21:45 ,Champions Lg,Group stage,Tue,Away,W,1,0,ru CSKA Moscow,66,"26,153",Hugo Lloris,4-1-4-1,Antonio Matéu Lahoz,Match Report,,2016-2017,2016-2017,2016-2017,,
62,2016-10-02,14:15 ,Premier League,Matchweek 7,Sun,Home,W,2,0,Manchester City,42,"31,793",Hugo Lloris,4-1-4-1,Andre Marriner,Match Report,,2016-2017,2016-2017,2016-2017,,
63,2016-10-15,15:00 ,Premier League,Matchweek 8,Sat,Away,D,1,1,West Brom,72,"24,263",Hugo Lloris,4-1-4-1,Kevin Friend,Match Report,,2016-2017,2016-2017,2016-2017,,
64,2016-10-18,20:45 ,Champions Lg,Group stage,Tue,Away,D,0,0,de Leverkusen,57,"28,887",Hugo Lloris,4-1-4-1,Cüneyt Çakιr,Match Report,,2016-2017,2016-2017,2016-2017,,
65,2016-10-22,12:30 ,Premier League,Matchweek 9,Sat,Away,D,0,0,Bournemouth,62,"11,201",Hugo Lloris,4-2-3-1,Craig Pawson,Match Report,,2016-2017,2016-2017,2016-2017,,
66,2016-10-25,19:45 ,EFL Cup,Fourth round,Tue,Away,L,1,2,Liverpool,54,"53,051",Eric Dier,4-2-3-1,Jonathan Moss,Match Report,,2016-2017,2016-2017,2016-2017,,
67,2016-10-29,15:00 ,Premier League,Matchweek 10,Sat,Home,D,1,1,Leicester City,64,"31,868",Hugo Lloris,4-2-3-1,Robert Madley,Match Report,,2016-2017,2016-2017,2016-2017,,
68,2016-11-02,19:45 ,Champions Lg,Group stage,Wed,Home,L,0,1,de Leverkusen,59,"85,512",Hugo Lloris,4-2-3-1,Jonas Eriksson,Match Report,,2016-2017,2016-2017,2016-2017,,
69,2016-11-06,12:00 ,Premier League,Matchweek 11,Sun,Away,D,1,1,Arsenal,54,"60,039",Hugo Lloris,3-4-3,Mark Clattenburg,Match Report,,2016-2017,2016-2017,2016-2017,,
70,2016-11-19,17:30 ,Premier League,Matchweek 12,Sat,Home,W,3,2,West Ham,67,"31,212",Hugo Lloris,4-3-1-2,Mike Dean,Match Report,,2016-2017,2016-2017,2016-2017,,
71,2016-11-22,20:45 ,Champions Lg,Group stage,Tue,Away,L,1,2,fr Monaco,63,"13,100",Hugo Lloris,4-3-2-1,Björn Kuipers,Match Report,,2016-2017,2016-2017,2016-2017,,
72,2016-11-26,17:30 ,Premier League,Matchweek 13,Sat,Away,L,1,2,Chelsea,54,"41,513",Hugo Lloris,4-2-3-1,Michael Oliver,Match Report,,2016-2017,2016-2017,2016-2017,,
73,2016-12-03,15:00 ,Premier League,Matchweek 14,Sat,Home,W,5,0,Swansea City,60,"31,663",Harry Kane,4-2-3-1,Jonathan Moss,Match Report,,2016-2017,2016-2017,2016-2017,,
74,2016-12-07,19:45 ,Champions Lg,Group stage,Wed,Home,W,3,1,ru CSKA Moscow,72,"62,034",Hugo Lloris,4-2-3-1,Nicola Rizzoli,Match Report,,2016-2017,2016-2017,2016-2017,,
75,2016-12-11,14:15 ,Premier League,Matchweek 15,Sun,Away,L,0,1,Manchester Utd,60,"75,271",Hugo Lloris,4-2-3-1,Robert Madley,Match Report,,2016-2017,2016-2017,2016-2017,,
76,2016-12-14,20:00 ,Premier League,Matchweek 16,Wed,Home,W,3,0,Hull City,63,"31,347",Hugo Lloris,3-4-3◆,Andre Marriner,Match Report,,2016-2017,2016-2017,2016-2017,,
77,2016-12-18,16:00 ,Premier League,Matchweek 17,Sun,Home,W,2,1,Burnley,60,"31,467",Hugo Lloris,4-3-2-1,Kevin Friend,Match Report,,2016-2017,2016-2017,2016-2017,,
78,2016-12-28,19:45 ,Premier League,Matchweek 18,Wed,Away,W,4,1,Southampton,66,"31,853",Hugo Lloris,4-2-3-1,Mike Dean,Match Report,,2016-2017,2016-2017,2016-2017,,
79,2017-01-01,13:30 ,Premier League,Matchweek 19,Sun,Away,W,4,1,Watford,66,"20,882",Hugo Lloris,3-1-4-2,Michael Oliver,Match Report,,2016-2017,2016-2017,2016-2017,,
80,2017-01-04,20:00 ,Premier League,Matchweek 20,Wed,Home,W,2,0,Chelsea,46,"31,491",Hugo Lloris,3-4-3,Martin Atkinson,Match Report,,2016-2017,2016-2017,2016-2017,,
81,2017-01-08,16:00 ,FA Cup,Third round,Sun,Home,W,2,0,Aston Villa,,"31,182",,,Mike Dean,Match Report,,2016-2017,2016-2017,2016-2017,,
82,2017-01-14,12:30 ,Premier League,Matchweek 21,Sat,Home,W,4,0,West Brom,73,"31,613",Hugo Lloris,3-4-3,Anthony Taylor,Match Report,,2016-2017,2016-2017,2016-2017,,
83,2017-01-21,17:30 ,Premier League,Matchweek 22,Sat,Away,D,2,2,Manchester City,45,"54,402",Hugo Lloris,3-4-3,Andre Marriner,Match Report,,2016-2017,2016-2017,2016-2017,,
84,2017-01-28,15:00 ,FA Cup,Fourth round,Sat,Home,W,4,3,Wycombe,,"31,440",,,Roger East,Match Report,,2016-2017,2016-2017,2016-2017,,
85,2017-01-31,19:45 ,Premier League,Matchweek 23,Tue,Away,D,0,0,Sunderland,72,"40,058",Harry Kane,4-2-3-1,Lee Mason,Match Report,,2016-2017,2016-2017,2016-2017,,
86,2017-02-04,17:30 ,Premier League,Matchweek 24,Sat,Home,W,1,0,Middlesbrough,65,"31,949",Hugo Lloris,4-2-3-1,Mark Clattenburg,Match Report,,2016-2017,2016-2017,2016-2017,,
87,2017-02-11,17:30 ,Premier League,Matchweek 25,Sat,Away,L,0,2,Liverpool,49,"53,159",Hugo Lloris,4-2-3-1,Anthony Taylor,Match Report,,2016-2017,2016-2017,2016-2017,,
88,2017-02-16,19:00 ,Europa Lg,Round of 32,Thu,Away,L,0,1,be Gent,55,"19,267",Hugo Lloris,4-3-3,Benoît Bastien,Match Report,Leg 1 of 2,2016-2017,2016-2017,2016-2017,,
89,2017-02-19,14:00 ,FA Cup,Fifth round,Sun,Away,W,3,0,Fulham,,"22,557",,,Robert Madley,Match Report,,2016-2017,2016-2017,2016-2017,,
90,2017-02-23,20:05 ,Europa Lg,Round of 32,Thu,Home,D,2,2,be Gent,65,"80,465",Hugo Lloris,3-4-3,Jorge de Sousa,Match Report,Leg 2 of 2; Gent won,2016-2017,2016-2017,2016-2017,,
91,2017-02-26,13:30 ,Premier League,Matchweek 26,Sun,Home,W,4,0,Stoke City,64,"31,864",Hugo Lloris,3-4-3,Jonathan Moss,Match Report,,2016-2017,2016-2017,2016-2017,,
92,2017-03-05,13:30 ,Premier League,Matchweek 27,Sun,Home,W,3,2,Everton,51,"31,962",Hugo Lloris,3-4-3,Michael Oliver,Match Report,,2016-2017,2016-2017,2016-2017,,
93,2017-03-12,14:00 ,FA Cup,Quarter-finals,Sun,Home,W,6,0,Millwall,,"31,137",,,Martin Atkinson,Match Report,,2016-2017,2016-2017,2016-2017,,
94,2017-03-19,14:15 ,Premier League,Matchweek 29,Sun,Home,W,2,1,Southampton,51,"31,697",Hugo Lloris,3-4-3,Andre Marriner,Match Report,,2016-2017,2016-2017,2016-2017,,
95,2017-04-01,15:00 ,Premier League,Matchweek 30,Sat,Away,W,2,0,Burnley,62,"21,684",Hugo Lloris,3-4-3,Stuart Attwell,Match Report,,2016-2017,2016-2017,2016-2017,,
96,2017-04-05,19:45 ,Premier League,Matchweek 31,Wed,Away,W,3,1,Swansea City,72,"20,855",Jan Vertonghen,4-2-3-1,Jonathan Moss,Match Report,,2016-2017,2016-2017,2016-2017,,
97,2017-04-08,12:30 ,Premier League,Matchweek 32,Sat,Home,W,4,0,Watford,58,"31,706",Hugo Lloris,4-2-3-1,Anthony Taylor,Match Report,,2016-2017,2016-2017,2016-2017,,
98,2017-04-15,12:30 ,Premier League,Matchweek 33,Sat,Home,W,4,0,Bournemouth,69,"31,943",Hugo Lloris,4-2-3-1,Michael Oliver,Match Report,,2016-2017,2016-2017,2016-2017,,
99,2017-04-22,17:15 ,FA Cup,Semi-finals,Sat,Away,L,2,4,Chelsea,,"86,355",,,Martin Atkinson,Match Report,,2016-2017,2016-2017,2016-2017,,
100,2017-04-26,20:00 ,Premier League,Matchweek 28,Wed,Away,W,1,0,Crystal Palace,69,"25,596",Hugo Lloris,3-4-3,Jonathan Moss,Match Report,,2016-2017,2016-2017,2016-2017,,
101,2017-04-30,16:30 ,Premier League,Matchweek 35,Sun,Home,W,2,0,Arsenal,51,"31,811",Hugo Lloris,4-2-3-1,Michael Oliver,Match Report,,2016-2017,2016-2017,2016-2017,,
102,2017-05-05,20:00 ,Premier League,Matchweek 36,Fri,Away,L,0,1,West Ham,68,"56,992",Hugo Lloris,4-2-3-1,Anthony Taylor,Match Report,,2016-2017,2016-2017,2016-2017,,
103,2017-05-14,16:30 ,Premier League,Matchweek 37,Sun,Home,W,2,1,Manchester Utd,60,"31,848",Hugo Lloris,4-2-3-1,Jonathan Moss,Match Report,,2016-2017,2016-2017,2016-2017,,
104,2017-05-18,19:45 ,Premier League,Matchweek 34,Thu,Away,W,6,1,Leicester City,63,"31,351",Hugo Lloris,3-4-3,Michael Oliver,Match Report,,2016-2017,2016-2017,2016-2017,,
105,2017-05-21,15:00 ,Premier League,Matchweek 38,Sun,Away,W,7,1,Hull City,65,"23,804",Hugo Lloris,4-2-3-1,Andre Marriner,Match Report,,2016-2017,2016-2017,2016-2017,,
106,2017-08-13,13:30 ,Premier League,Matchweek 1,Sun,Away,W,2,0,Newcastle Utd,2.5,0.8,72,"52,077",Hugo Lloris,4-2-3-1,Andre Marriner,Match Report,,2017-2018,2017-2018,2017-2018
107,2017-08-20,16:00 ,Premier League,Matchweek 2,Sun,Home,L,1,2,Chelsea,0.7,0.7,68,"73,587",Hugo Lloris,4-3-2-1,Anthony Taylor,Match Report,,2017-2018,2017-2018,2017-2018
108,2017-08-27,16:00 ,Premier League,Matchweek 3,Sun,Home,D,1,1,Burnley,2.3,0.9,66,"67,862",Hugo Lloris,4-2-3-1,Lee Mason,Match Report,,2017-2018,2017-2018,2017-2018
109,2017-09-09,15:00 ,Premier League,Matchweek 4,Sat,Away,W,3,0,Everton,1.8,0.9,49,"38,835",Hugo Lloris,3-5-1-1,Graham Scott,Match Report,,2017-2018,2017-2018,2017-2018
110,2017-09-13,19:45 ,Champions Lg,Group stage,Wed,Home,W,3,1,de Dortmund,1.2,0.8,33,"67,343",Hugo Lloris,5-4-1,Gianluca Rocchi,Match Report,,2017-2018,2017-2018,2017-2018
111,2017-09-16,17:30 ,Premier League,Matchweek 5,Sat,Home,D,0,0,Swansea City,1.1,0.2,75,"65,366",Hugo Lloris,3-5-1-1,Mike Dean,Match Report,,2017-2018,2017-2018,2017-2018
112,2017-09-19,20:00 ,EFL Cup,Third round,Tue,Home,W,1,0,Barnsley,,,73,"23,826",Jan Vertonghen,4-2-3-1,Tim Robinson,Match Report,,2017-2018,2017-2018,2017-2018
113,2017-09-23,12:30 ,Premier League,Matchweek 6,Sat,Away,W,3,2,West Ham,1.2,0.6,51,"56,988",Hugo Lloris,3-5-1-1,Michael Oliver,Match Report,,2017-2018,2017-2018,2017-2018
114,2017-09-26,21:45 ,Champions Lg,Group stage,Tue,Away,W,3,0,cy APOEL FC,1.8,1.0,58,"16,324",Hugo Lloris,5-3-2,Pavel Královec,Match Report,,2017-2018,2017-2018,2017-2018
115,2017-09-30,12:30 ,Premier League,Matchweek 7,Sat,Away,W,4,0,Huddersfield,1.5,0.2,59,"24,169",Hugo Lloris,3-4-3,Niel Swarbrick,Match Report,,2017-2018,2017-2018,2017-2018
116,2017-10-14,15:00 ,Premier League,Matchweek 8,Sat,Home,W,1,0,Bournemouth,1.8,0.2,72,"73,502",Hugo Lloris,4-2-3-1,Robert Madley,Match Report,,2017-2018,2017-2018,2017-2018
117,2017-10-17,20:45 ,Champions Lg,Group stage,Tue,Away,D,1,1,es Real Madrid,0.9,2.9,34,"76,589",Hugo Lloris,5-3-2,Szymon Marciniak,Match Report,,2017-2018,2017-2018,2017-2018
118,2017-10-22,16:00 ,Premier League,Matchweek 9,Sun,Home,W,4,1,Liverpool,2.0,0.6,37,"80,827",Hugo Lloris,3-5-2,Andre Marriner,Match Report,,2017-2018,2017-2018,2017-2018
119,2017-10-25,20:00 ,EFL Cup,Fourth round,Wed,Home,L,2,3,West Ham,,,61,"36,168",Michel Vorm,3-5-2,Mike Dean,Match Report,,2017-2018,2017-2018,2017-2018
120,2017-10-28,12:30 ,Premier League,Matchweek 10,Sat,Away,L,0,1,Manchester Utd,1.2,0.8,55,"75,034",Hugo Lloris,3-5-1-1,Jonathan Moss,Match Report,,2017-2018,2017-2018,2017-2018
121,2017-11-01,19:45 ,Champions Lg,Group stage,Wed,Home,W,3,1,es Real Madrid,2.3,2.2,37,"83,782",Hugo Lloris,3-5-1-1,Cüneyt Çakιr,Match Report,,2017-2018,2017-2018,2017-2018
122,2017-11-05,12:00 ,Premier League,Matchweek 11,Sun,Home,W,1,0,Crystal Palace,0.9,0.8,68,"65,270",Harry Kane,3-5-1-1,Kevin Friend,Match Report,,2017-2018,2017-2018,2017-2018
123,2017-11-18,12:30 ,Premier League,Matchweek 12,Sat,Away,L,0,2,Arsenal,0.7,2.1,57,"59,530",Hugo Lloris,3-5-2,Mike Dean,Match Report,,2017-2018,2017-2018,2017-2018
124,2017-11-21,20:45 ,Champions Lg,Group stage,Tue,Away,W,2,1,de Dortmund,1.1,1.1,51,"65,849",Hugo Lloris,3-4-1-2,Clément Turpin,Match Report,,2017-2018,2017-2018,2017-2018
125,2017-11-25,15:00 ,Premier League,Matchweek 13,Sat,Home,D,1,1,West Brom,1.8,0.7,72,"65,905",Hugo Lloris,3-5-2,Mike Jones,Match Report,,2017-2018,2017-2018,2017-2018
126,2017-11-28,19:45 ,Premier League,Matchweek 14,Tue,Away,L,1,2,Leicester City,2.4,0.6,62,"31,950",Hugo Lloris,3-5-2,Anthony Taylor,Match Report,,2017-2018,2017-2018,2017-2018
127,2017-12-02,15:00 ,Premier League,Matchweek 15,Sat,Away,D,1,1,Watford,0.8,0.4,50,"20,278",Hugo Lloris,4-2-3-1,Martin Atkinson,Match Report,,2017-2018,2017-2018,2017-2018
128,2017-12-06,19:45 ,Champions Lg,Group stage,Wed,Home,W,3,0,cy APOEL FC,2.3,0.6,65,"42,679",Michel Vorm,4-1-4-1,Slavko Vinčić,Match Report,,2017-2018,2017-2018,2017-2018
129,2017-12-09,15:00 ,Premier League,Matchweek 16,Sat,Home,W,5,1,Stoke City,3.6,0.5,71,"62,202",Hugo Lloris,4-2-3-1,Roger East,Match Report,,2017-2018,2017-2018,2017-2018
130,2017-12-13,20:00 ,Premier League,Matchweek 17,Wed,Home,W,2,0,Brighton,1.5,0.4,74,"46,438",Hugo Lloris,4-2-3-1,Robert Madley,Match Report,,2017-2018,2017-2018,2017-2018
131,2017-12-16,17:30 ,Premier League,Matchweek 18,Sat,Away,L,1,4,Manchester City,0.2,3.4,48,"54,214",Hugo Lloris,4-1-2-1-2◆,Craig Pawson,Match Report,,2017-2018,2017-2018,2017-2018
132,2017-12-23,17:30 ,Premier League,Matchweek 19,Sat,Away,W,3,0,Burnley,3.1,0.2,59,"21,650",Hugo Lloris,4-2-3-1,Michael Oliver,Match Report,,2017-2018,2017-2018,2017-2018
133,2017-12-26,12:30 ,Premier League,Matchweek 20,Tue,Home,W,5,2,Southampton,3.0,0.8,57,"55,412",Hugo Lloris,4-2-3-1,Graham Scott,Match Report,,2017-2018,2017-2018,2017-2018
134,2018-01-02,19:45 ,Premier League,Matchweek 22,Tue,Away,W,2,0,Swansea City,1.3,0.4,67,"20,615",Hugo Lloris,4-2-3-1,Robert Madley,Match Report,,2017-2018,2017-2018,2017-2018
135,2018-01-04,20:00 ,Premier League,Matchweek 21,Thu,Home,D,1,1,West Ham,1.8,0.5,70,"50,034",Hugo Lloris,4-2-3-1,Mike Dean,Match Report,,2017-2018,2017-2018,2017-2018
136,2018-01-07,15:00 ,FA Cup,Third round,Sun,Home,W,3,0,AFC Wimbledon,,,81,"47,527",Harry Kane,4-4-2,David Coote,Match Report,,2017-2018,2017-2018,2017-2018
137,2018-01-13,17:30 ,Premier League,Matchweek 23,Sat,Home,W,4,0,Everton,3.8,0.3,61,"76,251",Hugo Lloris,4-2-3-1,Craig Pawson,Match Report,,2017-2018,2017-2018,2017-2018
138,2018-01-21,16:00 ,Premier League,Matchweek 24,Sun,Away,D,1,1,Southampton,1.2,0.8,59,"31,361",Harry Kane,4-2-3-1,Kevin Friend,Match Report,,2017-2018,2017-2018,2017-2018
139,2018-01-27,17:30 ,FA Cup,Fourth round,Sat,Away,D,1,1,Newport County,,,71,"9,836",Harry Kane,3-1-4-2,Roger East,Match Report,,2017-2018,2017-2018,2017-2018
140,2018-01-31,20:00 ,Premier League,Matchweek 25,Wed,Home,W,2,0,Manchester Utd,1.5,1.0,52,"81,978",Hugo Lloris,4-2-3-1,Andre Marriner,Match Report,,2017-2018,2017-2018,2017-2018
141,2018-02-04,16:30 ,Premier League,Matchweek 26,Sun,Away,D,2,2,Liverpool,2.6,1.2,66,"53,213",Hugo Lloris,4-1-2-1-2◆,Jonathan Moss,Match Report,,2017-2018,2017-2018,2017-2018
142,2018-02-07,19:45 ,FA Cup,Fourth round,Wed,Home,W,2,0,Newport County,,,74,"38,947",Michel Vorm,4-2-3-1,Stuart Attwell,Match Report,,2017-2018,2017-2018,2017-2018
143,2018-02-10,12:30 ,Premier League,Matchweek 27,Sat,Home,W,1,0,Arsenal,2.6,0.6,50,"83,222",Hugo Lloris,4-2-3-1,Anthony Taylor,Match Report,,2017-2018,2017-2018,2017-2018
144,2018-02-13,20:45 ,Champions Lg,Round of 16,Tue,Away,D,2,2,it Juventus,1.8,2.5,66,"41,232",Hugo Lloris,4-2-3-1,Felix Brych,Match Report,Leg 1 of 2,2017-2018,2017-2018,2017-2018
145,2018-02-18,16:00 ,FA Cup,Fifth round,Sun,Away,D,2,2,Rochdale,,,65,"8,480",Michel Vorm,4-1-4-1,Robert Madley,Match Report,,2017-2018,2017-2018,2017-2018
146,2018-02-25,12:00 ,Premier League,Matchweek 28,Sun,Away,W,1,0,Crystal Palace,1.7,0.2,75,"25,287",Hugo Lloris,4-2-3-1,Kevin Friend,Match Report,,2017-2018,2017-2018,2017-2018
147,2018-02-28,19:45 ,FA Cup,Fifth round,Wed,Home,W,6,1,Rochdale,,,63,"24,627",Michel Vorm,4-2-3-1,Paul Tierney,Match Report,,2017-2018,2017-2018,2017-2018
148,2018-03-03,15:00 ,Premier League,Matchweek 29,Sat,Home,W,2,0,Huddersfield,1.6,0.1,74,"68,311",Hugo Lloris,4-2-3-1,Kevin Friend,Match Report,,2017-2018,2017-2018,2017-2018
149,2018-03-07,19:45 ,Champions Lg,Round of 16,Wed,Home,L,1,2,it Juventus,1.7,1.5,55,"84,010",Hugo Lloris,4-2-3-1,Szymon Marciniak,Match Report,Leg 2 of 2; Juventus won,2017-2018,2017-2018,2017-2018
150,2018-03-11,16:00 ,Premier League,Matchweek 30,Sun,Away,W,4,1,Bournemouth,2.4,1.2,63,"10,623",Hugo Lloris,4-2-3-1,Mike Dean,Match Report,,2017-2018,2017-2018,2017-2018
151,2018-03-17,12:15 ,FA Cup,Quarter-finals,Sat,Away,W,3,0,Swansea City,,,75,"17,498",Jan Vertonghen,4-2-3-1,Kevin Friend,Match Report,,2017-2018,2017-2018,2017-2018
152,2018-04-01,16:00 ,Premier League,Matchweek 32,Sun,Away,W,3,1,Chelsea,1.4,1.0,51,"41,364",Hugo Lloris,4-2-3-1,Andre Marriner,Match Report,,2017-2018,2017-2018,2017-2018
153,2018-04-07,15:00 ,Premier League,Matchweek 33,Sat,Away,W,2,1,Stoke City,1.7,1.4,65,"29,515",Hugo Lloris,4-2-3-1,Graham Scott,Match Report,,2017-2018,2017-2018,2017-2018
154,2018-04-14,19:45 ,Premier League,Matchweek 34,Sat,Home,L,1,3,Manchester City,0.4,2.9,48,"80,811",Hugo Lloris,4-2-3-1,Jonathan Moss,Match Report,,2017-2018,2017-2018,2017-2018
155,2018-04-17,19:45 ,Premier League,Matchweek 35,Tue,Away,D,1,1,Brighton,1.3,1.1,63,"30,440",Hugo Lloris,4-2-3-1,Kevin Friend,Match Report,,2017-2018,2017-2018,2017-2018
156,2018-04-21,17:15 ,FA Cup,Semi-finals,Sat,Away,L,1,2,Manchester Utd,,,64,"84,667",Harry Kane,4-2-3-1,Anthony Taylor,Match Report,,2017-2018,2017-2018,2017-2018
157,2018-04-30,20:00 ,Premier League,Matchweek 36,Mon,Home,W,2,0,Watford,1.4,1.3,61,"52,675",Hugo Lloris,4-2-3-1,Michael Oliver,Match Report,,2017-2018,2017-2018,2017-2018
158,2018-05-05,15:00 ,Premier League,Matchweek 37,Sat,Away,L,0,1,West Brom,1.2,1.6,74,"23,685",Hugo Lloris,3-4-3,Mike Jones,Match Report,,2017-2018,2017-2018,2017-2018
159,2018-05-09,20:00 ,Premier League,Matchweek 31,Wed,Home,W,1,0,Newcastle Utd,0.8,1.0,63,"54,923",Hugo Lloris,4-2-3-1,Niel Swarbrick,Match Report,,2017-2018,2017-2018,2017-2018
160,2018-05-13,15:00 ,Premier League,Matchweek 38,Sun,Home,W,5,4,Leicester City,1.8,1.4,64,"77,841",Hugo Lloris,4-2-3-1,Craig Pawson,Match Report,,2017-2018,2017-2018,2017-2018
161,2018-08-11,12:30 ,Premier League,Matchweek 1,Sat,Away,W,2,1,Newcastle Utd,2.0,1.0,58,"51,749",Hugo Lloris,4-3-2-1,Martin Atkinson,Match Report,,2018-2019,2018-2019,2018-2019
162,2018-08-18,15:00 ,Premier League,Matchweek 2,Sat,Home,W,3,1,Fulham,2.9,1.6,60,"58,297",Hugo Lloris,3-1-4-2,Anthony Taylor,Match Report,,2018-2019,2018-2019,2018-2019
163,2018-08-27,20:00 ,Premier League,Matchweek 3,Mon,Away,W,3,0,Manchester Utd,1.2,1.5,43,"74,400",Hugo Lloris,4-1-2-1-2◆,Craig Pawson,Match Report,,2018-2019,2018-2019,2018-2019
164,2018-09-02,16:00 ,Premier League,Matchweek 4,Sun,Away,L,1,2,Watford,0.6,0.4,66,"20,141",Harry Kane,3-1-4-2,Andre Marriner,Match Report,,2018-2019,2018-2019,2018-2019
165,2018-09-15,12:30 ,Premier League,Matchweek 5,Sat,Home,L,1,2,Liverpool,1.0,2.6,60,"80,188",Harry Kane,4-1-2-1-2◆,Michael Oliver,Match Report,,2018-2019,2018-2019,2018-2019
166,2018-09-18,18:55 ,Champions Lg,Group stage,Tue,Away,L,1,2,it Inter,0.8,1.2,54,"64,123",Harry Kane,4-2-3-1,Ruddy Buquet,Match Report,,2018-2019,2018-2019,2018-2019
167,2018-09-22,17:30 ,Premier League,Matchweek 6,Sat,Away,W,2,1,Brighton,1.9,0.8,70,"30,531",Harry Kane,4-2-3-1,Chris Kavanagh,Match Report,,2018-2019,2018-2019,2018-2019
168,2018-09-26,20:00 ,EFL Cup,Third round,Wed,Home,D,2 (4),2 (2),Watford,,,52,"23,650",Dele Alli,4-2-3-1,Lee Mason,Match Report,Tottenham won on penalty kicks following extra time,2018-2019,2018-2019,2018-2019
169,2018-09-29,15:00 ,Premier League,Matchweek 7,Sat,Away,W,2,0,Huddersfield,2.1,0.4,47,"23,885",Harry Kane,3-4-3,Craig Pawson,Match Report,,2018-2019,2018-2019,2018-2019
170,2018-10-03,20:00 ,Champions Lg,Group stage,Wed,Home,L,2,4,es Barcelona,0.5,1.4,39,"82,137",Hugo Lloris,4-2-3-1,Tobias Stieler,Match Report,,2018-2019,2018-2019,2018-2019
171,2018-10-06,15:00 ,Premier League,Matchweek 8,Sat,Home,W,1,0,Cardiff City,2.0,1.2,75,"43,268",Hugo Lloris,4-4-2,Mike Dean,Match Report,,2018-2019,2018-2019,2018-2019
172,2018-10-20,15:00 ,Premier League,Matchweek 9,Sat,Away,W,1,0,West Ham,0.9,0.8,56,"56,921",Hugo Lloris,4-3-2-1,Martin Atkinson,Match Report,,2018-2019,2018-2019,2018-2019
173,2018-10-24,18:55 ,Champions Lg,Group stage,Wed,Away,D,2,2,nl PSV Eindhoven,2.0,0.9,70,"35,000",Harry Kane,4-2-3-1,Slavko Vinčič,Match Report,,2018-2019,2018-2019,2018-2019
174,2018-10-29,20:00 ,Premier League,Matchweek 10,Mon,Home,L,0,1,Manchester City,0.4,1.6,49,"56,854",Hugo Lloris,4-2-3-1,Kevin Friend,Match Report,,2018-2019,2018-2019,2018-2019
175,2018-10-31,19:45 ,EFL Cup,Fourth round,Wed,Away,W,3,1,West Ham,,,50,"50,270",Christian Eriksen,4-2-3-1,Stuart Attwell,Match Report,,2018-2019,2018-2019,2018-2019
176,2018-11-03,19:45 ,Premier League,Matchweek 11,Sat,Away,W,3,2,Wolves,1.4,2.7,51,"31,185",Hugo Lloris,4-3-2-1,Mike Dean,Match Report,,2018-2019,2018-2019,2018-2019
177,2018-11-06,20:00 ,Champions Lg,Group stage,Tue,Home,W,2,1,nl PSV Eindhoven,3.5,0.6,75,"46,588",Harry Kane,4-2-3-1,Filip Glova,Match Report,,2018-2019,2018-2019,2018-2019
178,2018-11-10,17:30 ,Premier League,Matchweek 12,Sat,Away,W,1,0,Crystal Palace,1.2,0.8,64,"25,685",Hugo Lloris,4-2-3-1,Jonathan Moss,Match Report,,2018-2019,2018-2019,2018-2019
179,2018-11-24,17:30 ,Premier League,Matchweek 13,Sat,Home,W,3,1,Chelsea,3.1,1.0,40,"55,465",Hugo Lloris,4-1-2-1-2◆,Martin Atkinson,Match Report,,2018-2019,2018-2019,2018-2019
180,2018-11-28,20:00 ,Champions Lg,Group stage,Wed,Home,W,1,0,it Inter,1.3,1.0,52,"57,132",Hugo Lloris,4-2-3-1,Baris Şimşek,Match Report,,2018-2019,2018-2019,2018-2019
181,2018-12-02,14:05 ,Premier League,Matchweek 14,Sun,Away,L,2,4,Arsenal,1.2,2.7,41,"59,973",Hugo Lloris,4-1-2-1-2◆,Mike Dean,Match Report,,2018-2019,2018-2019,2018-2019
182,2018-12-05,20:00 ,Premier League,Matchweek 15,Wed,Home,W,3,1,Southampton,1.6,1.7,52,"33,012",Hugo Lloris,4-2-3-1,Anthony Taylor,Match Report,,2018-2019,2018-2019,2018-2019
183,2018-12-08,19:45 ,Premier League,Matchweek 16,Sat,Away,W,2,0,Leicester City,0.9,0.4,57,"31,957",Hugo Lloris,4-2-3-1,Craig Pawson,Match Report,,2018-2019,2018-2019,2018-2019
184,2018-12-11,21:00 ,Champions Lg,Group stage,Tue,Away,D,1,1,es Barcelona,2.4,1.3,51,"69,961",Hugo Lloris,4-1-2-1-2◆,Milorad Mažić,Match Report,,2018-2019,2018-2019,2018-2019
185,2018-12-15,15:00 ,Premier League,Matchweek 17,Sat,Home,W,1,0,Burnley,1.7,0.5,70,"41,645",Hugo Lloris,4-2-3-1,Graham Scott,Match Report,,2018-2019,2018-2019,2018-2019
186,2018-12-19,19:45 ,EFL Cup,Quarter-finals,Wed,Away,W,2,0,Arsenal,,,46,"59,016",Danny Rose,4-2-3-1,Jonathan Moss,Match Report,,2018-2019,2018-2019,2018-2019
187,2018-12-23,16:00 ,Premier League,Matchweek 18,Sun,Away,W,6,2,Everton,2.0,0.9,58,"39,319",Hugo Lloris,4-1-2-1-2◆,Paul Tierney,Match Report,,2018-2019,2018-2019,2018-2019
188,2018-12-26,15:00 ,Premier League,Matchweek 19,Wed,Home,W,5,0,Bournemouth,1.7,1.1,56,"45,154",Hugo Lloris,4-2-3-1,Chris Kavanagh,Match Report,,2018-2019,2018-2019,2018-2019
189,2018-12-29,15:00 ,Premier League,Matchweek 20,Sat,Home,L,1,3,Wolves,0.3,0.9,60,"46,356",Hugo Lloris,4-1-2-1-2◆,Stuart Attwell,Match Report,,2018-2019,2018-2019,2018-2019
190,2019-01-01,17:30 ,Premier League,Matchweek 21,Tue,Away,W,3,0,Cardiff City,1.1,0.9,72,"32,485",Hugo Lloris,4-1-2-1-2◆,Kevin Friend,Match Report,,2018-2019,2018-2019,2018-2019
191,2019-01-04,19:45 ,FA Cup,Third round,Fri,Away,W,7,0,Tranmere Rovers,,,74,"12,553",Dele Alli,3-4-3,Andre Marriner,Match Report,,2018-2019,2018-2019,2018-2019
192,2019-01-08,20:00 ,EFL Cup,Semi-finals,Tue,Home,W,1,0,Chelsea,,,42,"44,371",Harry Kane,4-4-2◆,Michael Oliver,Match Report,Leg 1 of 2,2018-2019,2018-2019,2018-2019
193,2019-01-13,16:30 ,Premier League,Matchweek 22,Sun,Home,L,0,1,Manchester Utd,1.8,0.8,61,"80,062",Hugo Lloris,4-1-2-1-2◆,Mike Dean,Match Report,,2018-2019,2018-2019,2018-2019
194,2019-01-20,16:00 ,Premier League,Matchweek 23,Sun,Away,W,2,1,Fulham,1.7,0.9,72,"24,807",Hugo Lloris,3-4-3,Craig Pawson,Match Report,,2018-2019,2018-2019,2018-2019
195,2019-01-24,19:45 ,EFL Cup,Semi-finals,Thu,Away,L,1 (2),2 (4),Chelsea,,,46,"38,610",Jan Vertonghen,4-4-2◆,Martin Atkinson,Match Report,Leg 2 of 2; Chelsea won; Chelsea won on penalty kicks following extra time,2018-2019,2018-2019,2018-2019
196,2019-01-27,16:00 ,FA Cup,Fourth round,Sun,Away,L,0,2,Crystal Palace,,,72,"19,491",Jan Vertonghen,3-4-3,Kevin Friend,Match Report,,2018-2019,2018-2019,2018-2019
197,2019-01-30,20:00 ,Premier League,Matchweek 24,Wed,Home,W,2,1,Watford,1.7,0.5,68,"29,164",Hugo Lloris,3-5-2,Graham Scott,Match Report,,2018-2019,2018-2019,2018-2019
198,2019-02-02,12:30 ,Premier League,Matchweek 25,Sat,Home,W,1,0,Newcastle Utd,2.2,0.4,71,"41,219",Hugo Lloris,4-2-3-1,Andre Marriner,Match Report,,2018-2019,2018-2019,2018-2019
199,2019-02-10,13:30 ,Premier League,Matchweek 26,Sun,Home,W,3,1,Leicester City,1.1,3.3,53,"44,154",Hugo Lloris,4-1-2-1-2◆,Michael Oliver,Match Report,,2018-2019,2018-2019,2018-2019
200,2019-02-13,20:00 ,Champions Lg,Round of 16,Wed,Home,W,3,0,de Dortmund,1.8,0.3,53,"71,214",Hugo Lloris,3-4-1-2,Antonio Matéu Lahoz,Match Report,Leg 1 of 2,2018-2019,2018-2019,2018-2019
201,2019-02-23,12:30 ,Premier League,Matchweek 27,Sat,Away,L,1,2,Burnley,0.9,1.2,68,"21,338",Hugo Lloris,3-5-2,Mike Dean,Match Report,,2018-2019,2018-2019,2018-2019
202,2019-02-27,20:00 ,Premier League,Matchweek 28,Wed,Away,L,0,2,Chelsea,0.6,0.6,54,"40,542",Hugo Lloris,4-2-3-1,Andre Marriner,Match Report,,2018-2019,2018-2019,2018-2019
203,2019-03-02,12:30 ,Premier League,Matchweek 29,Sat,Home,D,1,1,Arsenal,1.6,2.6,60,"81,332",Hugo Lloris,3-4-1-2,Anthony Taylor,Match Report,,2018-2019,2018-2019,2018-2019
204,2019-03-05,21:00 ,Champions Lg,Round of 16,Tue,Away,W,1,0,de Dortmund,1.0,1.4,36,"66,099",Hugo Lloris,3-5-2,Danny Makkelie,Match Report,Leg 2 of 2; Tottenham won,2018-2019,2018-2019,2018-2019
205,2019-03-09,15:00 ,Premier League,Matchweek 30,Sat,Away,L,1,2,Southampton,1.3,2.1,63,"31,890",Hugo Lloris,4-1-2-1-2◆,Kevin Friend,Match Report,,2018-2019,2018-2019,2018-2019
206,2019-03-31,16:30 ,Premier League,Matchweek 32,Sun,Away,L,1,2,Liverpool,0.7,1.0,52,"53,322",Hugo Lloris,3-1-4-2,Martin Atkinson,Match Report,,2018-2019,2018-2019,2018-2019
207,2019-04-03,19:45 ,Premier League,Matchweek 31,Wed,Home,W,2,0,Crystal Palace,2.1,0.3,65,"59,215",Hugo Lloris,4-2-3-1,Andre Marriner,Match Report,,2018-2019,2018-2019,2018-2019
208,2019-04-09,20:00 ,Champions Lg,Quarter-finals,Tue,Home,W,1,0,eng Manchester City,0.9,1.3,42,"60,044",Hugo Lloris,4-2-3-1,Björn Kuipers,Match Report,Leg 1 of 2,2018-2019,2018-2019,2018-2019
209,2019-04-13,12:30 ,Premier League,Matchweek 34,Sat,Home,W,4,0,Huddersfield,2.5,0.8,69,"58,308",Hugo Lloris,3-4-1-2,Lee Mason,Match Report,,2018-2019,2018-2019,2018-2019
210,2019-04-17,20:00 ,Champions Lg,Quarter-finals,Wed,Away,L,3,4,eng Manchester City,0.7,2.5,35,"53,348",Hugo Lloris,4-1-2-1-2◆,Cüneyt Çakιr,Match Report,Leg 2 of 2; Tottenham won,2018-2019,2018-2019,2018-2019
211,2019-04-20,12:30 ,Premier League,Matchweek 35,Sat,Away,L,0,1,Manchester City,1.0,1.9,39,"54,489",Jan Vertonghen,5-3-2,Michael Oliver,Match Report,,2018-2019,2018-2019,2018-2019
212,2019-04-23,19:45 ,Premier League,Matchweek 33,Tue,Home,W,1,0,Brighton,1.3,0.3,77,"56,251",Hugo Lloris,4-3-3,Chris Kavanagh,Match Report,,2018-2019,2018-2019,2018-2019
213,2019-04-27,12:30 ,Premier League,Matchweek 36,Sat,Home,L,0,1,West Ham,1.6,1.1,62,"60,043",Hugo Lloris,4-1-2-1-2◆,Anthony Taylor,Match Report,,2018-2019,2018-2019,2018-2019
214,2019-04-30,20:00 ,Champions Lg,Semi-finals,Tue,Home,L,0,1,nl Ajax,0.6,1.3,51,"60,243",Hugo Lloris,3-1-4-2,Antonio Matéu Lahoz,Match Report,Leg 1 of 2,2018-2019,2018-2019,2018-2019
215,2019-05-04,12:30 ,Premier League,Matchweek 37,Sat,Away,L,0,1,Bournemouth,0.7,1.7,47,"10,630",Hugo Lloris,4-2-3-1,Craig Pawson,Match Report,,2018-2019,2018-2019,2018-2019
216,2019-05-08,21:00 ,Champions Lg,Semi-finals,Wed,Away,W,3,2,nl Ajax,4.2,1.6,60,"52,641",Hugo Lloris,4-2-3-1,Felix Brych,Match Report,Leg 2 of 2; Tottenham won,2018-2019,2018-2019,2018-2019
217,2019-05-12,15:00 ,Premier League,Matchweek 38,Sun,Home,D,2,2,Everton,0.6,2.0,55,"60,124",Hugo Lloris,4-2-3-1,Andre Marriner,Match Report,,2018-2019,2018-2019,2018-2019
218,2019-06-01,21:00 ,Champions Lg,Final,Sat,Neutral,L,0,2,eng Liverpool,0.8,1.3,64,"63,272",Hugo Lloris,4-2-3-1,Damir Skomina,Match Report,,2018-2019,2018-2019,2018-2019
219,2019-08-10,17:30 ,Premier League,Matchweek 1,Sat,Home,W,3,1,Aston Villa,2.4,0.7,70,"60,407",Hugo Lloris,4-3-1-2,Chris Kavanagh,Match Report,,2019-2020,2019-2020,2019-2020
220,2019-08-17,17:30 ,Premier League,Matchweek 2,Sat,Away,D,2,2,Manchester City,0.1,2.9,45,"54,503",Hugo Lloris,4-2-3-1,Michael Oliver,Match Report,,2019-2020,2019-2020,2019-2020
221,2019-08-25,16:30 ,Premier League,Matchweek 3,Sun,Home,L,0,1,Newcastle Utd,1.1,0.8,79,"59,245",Hugo Lloris,4-2-3-1,Mike Dean,Match Report,,2019-2020,2019-2020,2019-2020
222,2019-09-01,16:30 ,Premier League,Matchweek 4,Sun,Away,D,2,2,Arsenal,2.0,2.4,45,"60,333",Hugo Lloris,4-2-2-2,Martin Atkinson,Match Report,,2019-2020,2019-2020,2019-2020
223,2019-09-14,15:00 ,Premier League,Matchweek 5,Sat,Home,W,4,0,Crystal Palace,1.0,0.6,64,"59,812",Hugo Lloris,4-2-2-2,Craig Pawson,Match Report,,2019-2020,2019-2020,2019-2020
224,2019-09-18,19:55 ,Champions Lg,Group stage,Wed,Away,D,2,2,gr Olympiacos,1.7,1.7,56,"31,001",Hugo Lloris,4-2-3-1,Gianluca Rocchi,Match Report,,2019-2020,2019-2020,2019-2020
225,2019-09-21,12:30 ,Premier League,Matchweek 6,Sat,Away,L,1,2,Leicester City,1.1,1.3,56,"32,129",Harry Kane,4-1-2-1-2◆,Paul Tierney,Match Report,,2019-2020,2019-2020,2019-2020
226,2019-09-24,19:45 ,EFL Cup,Third round,Tue,Away,D,0 (3),0 (4),Colchester Utd,,,75,"9,481",Eric Dier,3-4-3,Jarred Gillett,Match Report,Colchester Utd won on penalty kicks following extra time,2019-2020,2019-2020,2019-2020
227,2019-09-28,15:00 ,Premier League,Matchweek 7,Sat,Home,W,2,1,Southampton,1.0,1.5,42,"59,645",Hugo Lloris,4-2-3-1,Graham Scott,Match Report,,2019-2020,2019-2020,2019-2020
228,2019-10-01,20:00 ,Champions Lg,Group stage,Tue,Home,L,2,7,de Bayern Munich,1.9,1.3,41,"60,127",Hugo Lloris,4-1-2-1-2◆,Clément Turpin,Match Report,,2019-2020,2019-2020,2019-2020
229,2019-10-05,12:30 ,Premier League,Matchweek 8,Sat,Away,L,0,3,Brighton,0.4,2.4,52,"30,610",Hugo Lloris,4-2-3-1,Jonathan Moss,Match Report,,2019-2020,2019-2020,2019-2020
230,2019-10-19,15:00 ,Premier League,Matchweek 9,Sat,Home,D,1,1,Watford,1.0,0.7,69,"58,754",Harry Kane,3-4-3,Chris Kavanagh,Match Report,,2019-2020,2019-2020,2019-2020
231,2019-10-22,20:00 ,Champions Lg,Group stage,Tue,Home,W,5,0,rs Red Star,3.7,0.6,58,"51,743",Harry Kane,4-2-3-1,Marco Guida,Match Report,,2019-2020,2019-2020,2019-2020
232,2019-10-27,16:30 ,Premier League,Matchweek 10,Sun,Away,L,1,2,Liverpool,1.2,2.6,33,"53,222",Harry Kane,4-3-3,Anthony Taylor,Match Report,,2019-2020,2019-2020,2019-2020
233,2019-11-03,16:30 ,Premier League,Matchweek 11,Sun,Away,D,1,1,Everton,0.6,1.1,53,"39,001",Ben Davies,4-2-3-1,Martin Atkinson,Match Report,,2019-2020,2019-2020,2019-2020
234,2019-11-06,21:00 ,Champions Lg,Group stage,Wed,Away,W,4,0,rs Red Star,2.5,0.5,67,"42,381",Harry Kane,4-2-3-1,Carlos del Cerro,Match Report,,2019-2020,2019-2020,2019-2020
235,2019-11-09,15:00 ,Premier League,Matchweek 12,Sat,Home,D,1,1,Sheffield Utd,1.8,0.9,61,"59,781",Harry Kane,4-2-3-1,Graham Scott,Match Report,,2019-2020,2019-2020,2019-2020
236,2019-11-23,12:30 ,Premier League,Matchweek 13,Sat,Away,W,3,2,West Ham,2.1,0.7,52,"59,930",Harry Kane,4-2-3-1,Michael Oliver,Match Report,,2019-2020,2019-2020,2019-2020
237,2019-11-26,20:00 ,Champions Lg,Group stage,Tue,Home,W,4,2,gr Olympiacos,2.2,1.2,58,"57,024",Harry Kane,4-2-3-1,Georgi Kabakov,Match Report,,2019-2020,2019-2020,2019-2020
238,2019-11-30,15:00 ,Premier League,Matchweek 14,Sat,Home,W,3,2,Bournemouth,2.3,1.1,52,"59,626",Harry Kane,4-2-3-1,Lee Mason,Match Report,,2019-2020,2019-2020,2019-2020
239,2019-12-04,19:30 ,Premier League,Matchweek 15,Wed,Away,L,1,2,Manchester Utd,0.9,1.4,53,"73,252",Harry Kane,4-2-3-1,Paul Tierney,Match Report,,2019-2020,2019-2020,2019-2020
240,2019-12-07,15:00 ,Premier League,Matchweek 16,Sat,Home,W,5,0,Burnley,2.6,0.9,49,"58,401",Harry Kane,4-2-3-1,Kevin Friend,Match Report,,2019-2020,2019-2020,2019-2020
241,2019-12-11,21:00 ,Champions Lg,Group stage,Wed,Away,L,1,3,de Bayern Munich,1.0,2.9,30,"66,353",Eric Dier,4-2-3-1,Gianluca Rocchi,Match Report,,2019-2020,2019-2020,2019-2020
242,2019-12-15,14:00 ,Premier League,Matchweek 17,Sun,Away,W,2,1,Wolves,0.9,0.9,42,"31,674",Harry Kane,4-2-3-1,Stuart Attwell,Match Report,,2019-2020,2019-2020,2019-2020
243,2019-12-22,16:30 ,Premier League,Matchweek 18,Sun,Home,L,0,2,Chelsea,0.3,1.3,45,"61,104",Harry Kane,4-3-3,Anthony Taylor,Match Report,,2019-2020,2019-2020,2019-2020
244,2019-12-26,12:30 ,Premier League,Matchweek 19,Thu,Home,W,2,1,Brighton,0.8,1.0,54,"56,308",Harry Kane,3-4-3,Graham Scott,Match Report,,2019-2020,2019-2020,2019-2020
245,2019-12-28,17:30 ,Premier League,Matchweek 20,Sat,Away,D,2,2,Norwich City,1.9,0.2,58,"27,072",Harry Kane,3-1-4-2,Kevin Friend,Match Report,,2019-2020,2019-2020,2019-2020
246,2020-01-01,15:00 ,Premier League,Matchweek 21,Wed,Away,L,0,1,Southampton,0.9,1.3,59,"30,976",Harry Kane,4-2-3-1,Mike Dean,Match Report,,2019-2020,2019-2020,2019-2020
247,2020-01-05,14:01 ,FA Cup,Third round,Sun,Away,D,1,1,Middlesbrough,,,71,"26,693",Jan Vertonghen,3-5-2,Stuart Attwell,Match Report,,2019-2020,2019-2020,2019-2020
248,2020-01-11,17:30 ,Premier League,Matchweek 22,Sat,Home,L,0,1,Liverpool,1.2,1.2,33,"61,023",Toby Alderweireld,4-4-2,Martin Atkinson,Match Report,,2019-2020,2019-2020,2019-2020
249,2020-01-14,20:05 ,FA Cup,Third round,Tue,Home,W,2,1,Middlesbrough,,,68,"49,202",Jan Vertonghen,4-2-3-1,Craig Pawson,Match Report,,2019-2020,2019-2020,2019-2020
250,2020-01-18,12:30 ,Premier League,Matchweek 23,Sat,Away,D,0,0,Watford,1.9,2.5,58,"21,366",Jan Vertonghen,4-3-3,Michael Oliver,Match Report,,2019-2020,2019-2020,2019-2020
251,2020-01-22,19:30 ,Premier League,Matchweek 24,Wed,Home,W,2,1,Norwich City,2.1,1.5,51,"58,182",Hugo Lloris,4-2-3-1,Chris Kavanagh,Match Report,,2019-2020,2019-2020,2019-2020
252,2020-01-25,15:00 ,FA Cup,Fourth round,Sat,Away,D,1,1,Southampton,,,41,"29,282",Hugo Lloris,4-3-3,Peter Bankes,Match Report,,2019-2020,2019-2020,2019-2020
253,2020-02-02,16:30 ,Premier League,Matchweek 25,Sun,Home,W,2,0,Manchester City,0.3,2.4,33,"61,022",Hugo Lloris,4-2-3-1,Mike Dean,Match Report,,2019-2020,2019-2020,2019-2020
254,2020-02-05,19:45 ,FA Cup,Fourth round,Wed,Home,W,3,2,Southampton,,,44,"56,046",Hugo Lloris,3-5-2,David Coote,Match Report,,2019-2020,2019-2020,2019-2020
255,2020-02-16,14:00 ,Premier League,Matchweek 26,Sun,Away,W,3,2,Aston Villa,3.4,1.8,45,"41,874",Hugo Lloris,4-2-3-1,Martin Atkinson,Match Report,,2019-2020,2019-2020,2019-2020
256,2020-02-19,20:00 ,Champions Lg,Round of 16,Wed,Home,L,0,1,de RB Leipzig,1.1,2.1,44,"60,095",Hugo Lloris,4-4-2,Cüneyt Çakιr,Match Report,Leg 1 of 2,2019-2020,2019-2020,2019-2020
257,2020-02-22,12:30 ,Premier League,Matchweek 27,Sat,Away,L,1,2,Chelsea,0.2,1.7,51,"40,608",Hugo Lloris,5-4-1,Michael Oliver,Match Report,,2019-2020,2019-2020,2019-2020
258,2020-03-01,14:00 ,Premier League,Matchweek 28,Sun,Home,L,2,3,Wolves,1.7,2.6,65,"58,064",Harry Winks,3-4-3,Stuart Attwell,Match Report,,2019-2020,2019-2020,2019-2020
259,2020-03-04,19:45 ,FA Cup,Fifth round,Wed,Home,D,1 (2),1 (3),Norwich City,,,50,"58,007",Jan Vertonghen,4-2-3-1,Paul Tierney,Match Report,Norwich City won on penalty kicks following extra time,2019-2020,2019-2020,2019-2020
260,2020-03-07,17:30 ,Premier League,Matchweek 29,Sat,Away,D,1,1,Burnley,1.2,3.0,54,"20,496",Hugo Lloris,3-4-3,Jonathan Moss,Match Report,,2019-2020,2019-2020,2019-2020
261,2020-03-10,21:00 ,Champions Lg,Round of 16,Tue,Away,L,0,3,de RB Leipzig,0.3,0.9,46,"42,146",Hugo Lloris,3-4-3,Carlos del Cerro,Match Report,Leg 2 of 2; RB Leipzig won,2019-2020,2019-2020,2019-2020
262,2020-06-19,20:15 ,Premier League,Matchweek 30,Fri,Home,D,1,1,Manchester Utd,0.4,1.7,39,,Hugo Lloris,4-2-3-1,Jonathan Moss,Match Report,,2019-2020,2019-2020,2019-2020
263,2020-06-23,20:15 ,Premier League,Matchweek 31,Tue,Home,W,2,0,West Ham,2.3,1.2,64,,Hugo Lloris,4-2-3-1,Craig Pawson,Match Report,,2019-2020,2019-2020,2019-2020
264,2020-07-02,18:00 ,Premier League,Matchweek 32,Thu,Away,L,1,3,Sheffield Utd,1.1,1.6,67,,Hugo Lloris,4-2-3-1,Chris Kavanagh,Match Report,,2019-2020,2019-2020,2019-2020
265,2020-07-06,20:00 ,Premier League,Matchweek 33,Mon,Home,W,1,0,Everton,0.5,0.5,52,,Hugo Lloris,4-3-3,Graham Scott,Match Report,,2019-2020,2019-2020,2019-2020
266,2020-07-09,18:00 ,Premier League,Matchweek 34,Thu,Away,D,0,0,Bournemouth,0.5,1.4,63,,Hugo Lloris,4-3-3,Paul Tierney,Match Report,,2019-2020,2019-2020,2019-2020
267,2020-07-12,16:30 ,Premier League,Matchweek 35,Sun,Home,W,2,1,Arsenal,2.0,0.6,38,,Hugo Lloris,4-4-1-1,Michael Oliver,Match Report,,2019-2020,2019-2020,2019-2020
268,2020-07-15,18:00 ,Premier League,Matchweek 36,Wed,Away,W,3,1,Newcastle Utd,1.5,1.1,48,,Hugo Lloris,4-3-3,David Coote,Match Report,,2019-2020,2019-2020,2019-2020
269,2020-07-19,16:00 ,Premier League,Matchweek 37,Sun,Home,W,3,0,Leicester City,0.8,1.7,30,,Hugo Lloris,4-2-3-1,Anthony Taylor,Match Report,,2019-2020,2019-2020,2019-2020
270,2020-07-26,16:00 ,Premier League,Matchweek 38,Sun,Away,D,1,1,Crystal Palace,0.3,0.8,52,,Hugo Lloris,4-2-3-1,Andre Marriner,Match Report,,2019-2020,2019-2020,2019-2020
